---
title: PhD Thesis Reviewers
---

﻿

- [Home](/Home)
- [Admissions](#)
  - [Offered Programs](/Degree-Programs)
  - [Admission Schedule](/Admissions/Schedule)
  - [How To Apply](/Admissions/HowToApply)
  - [Eligibility Criteria](/Admissions/EligibilityCriteria)
  - [Loans/Scholarships](/Admissions/Scholarship)
  - [Test Pattern](/Admissions/TestPattern)
  - [Fee Structure](/Admissions/FeeStructure)
  - [Prospectus 2025](/Admissions/Prospectus)
  - [Frequently Asked Questions](/Admissions/FAQ)
- [Campuses](#)
  - [Chiniot-Faisalabad Campus](#)
    - [Home](http://cfd.nu.edu.pk)
    - [Faculty & Staff](http://cfd.nu.edu.pk/all-departments)
    - [PhD Supervisors](/Campus/Chiniot-Faisalabad/PhdSupervisors)
    - [Events](/Campus/Chiniot-Faisalabad/Events)
    - [Medal Holders](/Campus/Chiniot-Faisalabad/MedalHolders)
    - [Rector's List](/Campus/Chiniot-Faisalabad/RectorLists)
    - [Dean's List](/Campus/Chiniot-Faisalabad/DeanLists)
    - [Scholarship Awardees](/Campus/Chiniot-Faisalabad/ScholarshipAwardees)
    - [EE Department (Mission Vision)](</campus/missionvision/Electrical Engineering>)
  - [Islamabad Campus](http://isb.nu.edu.pk)
    - [Home](http://isb.nu.edu.pk)
    - [Faculty & Staff](http://isb.nu.edu.pk/Faculty/allfaculty)
    - [PhD Supervisors](/Campus/Islamabad/PhdSupervisors)
    - [Events](http://isb.nu.edu.pk/Media/NewsList)
    - [Research](/Campus/Islamabad/Research)
    - [Medal Holders](/Campus/Islamabad/MedalHolders)
    - [Rector's List](/Campus/Islamabad/RectorLists)
    - [Dean's List](/Campus/Islamabad/DeanLists)
    - [Scholarship Awardees](/Campus/Islamabad/ScholarshipAwardees)
    - [EE Department (Mission Vision)](</campus/missionvision/Electrical Engineering>)
  - [Karachi Campus](#)
    - [Home](http://khi.nu.edu.pk)
    - [Faculty & Staff](https://khi.nu.edu.pk/Faculty.php)
    - [PhD Supervisors](/Campus/Karachi/PhdSupervisors)
    - [Events](http://khi.nu.edu.pk/events.php)
    - [Research](/Campus/Karachi/Research)
    - [Medal Holders](/Campus/Karachi/MedalHolders)
    - [Rector's List](/Campus/Karachi/RectorLists)
    - [Dean's List](/Campus/Karachi/DeanLists)
    - [Scholarship Awardees](/Campus/Karachi/ScholarshipAwardees)
    - [EE Department (Mission Vision)](</campus/missionvision/Electrical Engineering>)
  - [Lahore Campus](#)
    - [Home](http://lhr.nu.edu.pk)
    - [Faculty & Staff](http://lhr.nu.edu.pk/faculty/)
    - [PhD Supervisors](/Campus/Lahore/PhdSupervisors)
    - [Events](http://lhr.nu.edu.pk/news)
    - [Research](/Campus/Lahore/Research)
    - [Medal Holders](/Campus/Lahore/MedalHolders)
    - [Rector's List](/Campus/Lahore/RectorLists)
    - [Dean's List](/Campus/Lahore/DeanLists)
    - [Scholarship Awardees](/Campus/Lahore/ScholarshipAwardees)
    - [Civil Engg. Department (Mission Vision)](</campus/missionvision/Civil Engineering>)
    - [EE Department (Mission Vision)](</campus/missionvision/Electrical Engineering>)
  - [Peshawar Campus](#)
    - [Home](http://pwr.nu.edu.pk)
    - [Faculty & Staff](http://pwr.nu.edu.pk/cs-faculty/)
    - [PhD Supervisors](/Campus/Peshawar/PhdSupervisors)
    - [Events](http://pwr.nu.edu.pk/latest-news)
    - [Research](/Campus/Peshawar/Research)
    - [Medal Holders](/Campus/Peshawar/MedalHolders)
    - [Rector's List](/Campus/Peshawar/RectorLists)
    - [Dean's List](/Campus/Peshawar/DeanLists)
    - [Scholarship Awardees](/Campus/Peshawar/ScholarshipAwardees)
    - [EE Department (Mission Vision)](</campus/missionvision/Electrical Engineering>)
  - [Multan Campus](#)
    - [Home](https://mtn.nu.edu.pk/)
- [Students](#)
  - [Degree Verification Program](/Student/dvp)
  - [Academic Calendar](/Student/Calender)
  - [Code of Conduct](/Student/Conduct)
  - [Grading](/Student/Grading)
  - [Student Chapters](#)
    - [IEEE-NUCES](http://www.sites.ieee.org/sb-nuces-karachi/)
    - [NUCES-ACM](http://www.nuces-acm.org/)
  - [Rules & Regulations](#)
    - [Bachelor Programs](/Student/RulesUndergrad)
    - [PhD Programs](/Student/Rulesphd)
  - [Flex Student Module](http://flexstudent.nu.edu.pk/Login)
  - [Phd Graduates](/Student/PhdGraduates)
  - [Financial Assistant/Scholarships](/Student/FinancialRules)
- [University](#)
  - [History](/University/History)
  - [Foundation](/University/Foundation)
  - [Chancellor](/University/Chancellor)
  - [Vision & Mission Statement](/vision-and-mission)
  - [Board of Trustees](/University/Trustees)
  - [Board of Governors](/University/Governers)
  - [Officers of the University](/University/Officers)
  - [Headquarters](/University/Headquarters)
  - [PhD Faculty](/University/PhDFaculty)
  - [HEC Approved PhD Supervisor](/University/HECSupervisors)
  - [PhD Thesis Reviewers](/University/ExternalThesisReviewer)
  - [Policies](/University/Policies)
- [Services](#)
  - [FAST-NU Library](/Services/Library)
  - [Alumni](#)
    - [OSAF](Http://www.osaf.org.pk)
  - [Job Portal](http://nu.edu.pk/NUJobs)
  - [NU Mail](http://mail.nu.edu.pk)
  - [SLATE-LMS](http://slate.nu.edu.pk)
  - [Career Services Office](/Services/PlacementOffice)
  - [Public Information Officer](/Services/PIO)
  - [Downloads](/Downloads)
- [ORIC](#)
  - [Home](/Oric)
  - [university research profile New](/Oric/UniversityResearchProfile)
  - [Research funded projects](#)
    - [Funding Opportunities](/Oric/FundingOppertunities)
    - [Funded Projects](/Oric/FundedProjects)
  - [Innovation & Commercialization](#)
    - [Consultancy projects](#)
    - [Incubation Facilities](/Oric/IncubationFacilities)
    - [Entrepreneurs](/Oric/Entreprenures)
    - [Patent](/Oric/Patent)
    - [Research Labs](/Oric/OricResearchLabs)
  - [Capacity Building](#)
    - [Conference/Seminar](/Oric/CapacityBuilding)
    - [Travel Grants](/Oric/TravelGrants)
  - [Policies](/Oric/Policies)
  - [Photo Gallery](/Oric/Photogallery)
  - [Announcements](/Oric/Annoucements)
  - [Scholarships](/Oric/Scholarship)
  - [Downloads](#)
    - [Forms](/Oric/GrantAppForm/Research)
  - [Team](/Oric/Team)
- [Executive Education](#)
  - [CoEE Home](/CoEE/index)
  - [Training & development programs](/CoEE/TDevProg)
  - [FAST Practitioner Certification Programs](#)
    - [Fintech Certified Practitioner Program-FAST®FCP](/CoEE/fintech)
    - [People Analytics Certified Practitioner-FAST®PACP](#)
    - [Certified Entrepreneur in Practice-FAST®CEiP](#)
- [International](#)
  - [Overview](/international/Overview)
  - [Why Apply to Fast](/international/WhyFast)
  - [How to Apply](/international/IOEApplyInstructions)
  - [Downloadable Prospectus](https://www.nu.edu.pk/Admissions/Prospectus)
  - [Scholarships](/international/Scholarship)
  - [Events and Activities](/international/Activities)
  - [Opportunities Abroad](/international/Opportunities)
  - [Achievements and Collaboration](/international/Achievements)
  - [Expanding International Reach](/international/InternationalReach)
  - [International Education Office](#)
    - [Core Functions](/international/IOECoreFunctions)
    - [Core Functions Overview](/international/IOECoreFunctionsOverview)
    - [Team](/international/IOETeamMembers)
    - [Mission](/international/IOEMission)
    - [Vision](/international/IOEVision)
    - [Contact Us](/international/IOEContactUs)
- [QEC](#)
  - [Home](/QEC)
  - [Team](/QEC/Team)
  - [Accreditation](/QEC/Accreditation)
  - [Self Assessment](#)
    - [Team](/QEC/Evaluators)
    - [Status](/QEC/SelfAssesment)
  - [Capacity Building](#)
    - [Contribution](/QEC/Contribution)
    - [Participation](/QEC/Participation)
    - [Faculty Training](/QEC/FacultyTraining)
    - [QEC Meetings](/QEC/Meetings)
    - [Annual Activity Calendar](/QEC/AnnualCalendar)
    - [Capacity Building Calendar](/QEC/BuildingCalendar)
  - [Publications](/QEC/Publications)
  - [Photo Gallery](/QEC/PhotoGallery)
  - [SSAPI](/QEC/SSAPI)
  - [Downloads](/QEC/Downloads)
  - [NU Membership](/University/Membership)
- [Career](/Career)
- [Contact Us](/home/ContactUs)

## PhD Thesis Reviewers

1.  [Home](/)
2.  [University](/University)
3.  [PhD Thesis Reviewers](/University/ExternalThesisReviewer)


- [Foriegn Experts](#F)
- [Local Experts](#L)
- [Local Experts](#)


#### Summary of Approved Foreign Reviewers of the University

| Description | # of approved reviewers |
| --- | --- |
| Computer Science | 240 |
| Electrical Engineering | 22 |
| Management Sciences | 68 |
| Mathematics | 115 |
| Physics | 2 |
| **Total** | **447** |

#### Computer Science

| Sr. # | Name | Designation | University | BASR Meeting |
| --- | --- | --- | --- | --- |
| 1 | Peng Tang | Associate Professor | Shandong University China | 55th (17-Jun-25) |
| 2 | Summrina Kanwal Wajid | Data and AI Engineer | Capgemini Engineering, Sweden | 55th (17-Jun-25) |
| 3 | Naveed Islam | Senior Lecturer | University of Greater Manchester, UK | 54th (21-Mar-25) |
| 4 | Alfredo Benso | Professor | University of Turin, Turin, Italy. | 54th (21-Mar-25) |
| 5 | Mengjun Hu | Assistant Professor | Saint Mary’s University. Canada | 54th (21-Mar-25) |
| 6 | Sarmadullah Khan | Senior Lecturer | De Montfort University, Leicester, UK | 54th (21-Mar-25) |
| 7 | He Daojing | Professor | Harbin Institute of Technology, Shenzhen Graduate School, China | 52nd (26-Sep-24) |
| 8 | Junaid Shuja | Associate Professor | Southeast Missouri State University, USA | 52nd (26-Sep-24) |
| 9 | Ihsan Ali | Assistant Professor | Southeast Missouri State University | 52nd (26-Sep-24) |
| 10 | Aisha Siddiqa | Senior Lecturer | Universiti Utara Malaysia | 52nd (26-Sep-24) |
| 11 | Khadija Slimani | Associate Professor | LDR-ESIEA Paris, France | 52nd (26-Sep-24) |
| 12 | Madhusanka Liyanage | Associate Professor | University College Dublin, Ireland | 52nd (26-Sep-24) |
| 13 | Muhammad Salman Haleem | Assistant Professor | Queen Marry University of London, UK | 52nd (26-Sep-24) |
| 14 | Nadeem Abbas | Assistant Professor | Linnaeus University, Sweden | 52nd (26-Sep-24) |
| 15 | Qin Zhen | Professor | University of Electronic Science and Technology of China | 52nd (26-Sep-24) |
| 16 | Sebastiano Panichella | Senior Lecturer | University of Bern, Switzerland | 52nd (26-Sep-24) |
| 17 | Zulfiqar Ali | Assistant Professor | University of Essex, UK | 52nd (26-Sep-24) |
| 18 | Hiroshi Mamitsuka | Professor | Kyoto University, Japan | 51st (28-Jun-24) |
| 19 | Sadiq Sani | Senior Lecturer | University of Greenwich, UK | 51st (28-Jun-24) |
| 20 | Muhammad Tariq Mehmood | Associate Professor | University of Greenwich, UK | 51st (28-Jun-24) |
| 21 | Xiaoping Du | Professor | Chinese Academy of Sciences, China | 51st (28-Jun-24) |
| 22 | Fawad Hussain | Associate Professor | University of Birmingham, UK | 51st (28-Jun-24) |
| 23 | Taimoor Khan | Associate Professor | University of Greenwich, UK | 51st (28-Jun-24) |
| 24 | Sadiq Sani | Senior Lecturer | University of Greenwich, UK | 50th (19-Mar-24) |
| 25 | Mehmet Aydin | Senior Lecturer | University of the West, UK | 50th (19-Mar-24) |
| 26 | Muslim Jameel Syed | Assistant Professor | Atlantic Technological Department, Ireland | 50th (19-Mar-24) |
| 27 | Daniel Balouek-Thomert | Permanent Researcher | Inria, France | 49th (15-Dec-23) |
| 28 | Elena Verdú | Associate Professor | Universidad Internacional de La Rioja (UNIR), Spain | 49th (15-Dec-23) |
| 29 | M. Taimoor Khan | Associate Professor | University of Greenwich, UK | 49th (15-Dec-23) |
| 30 | Maria Mushtaq | Associate Professor | Télécom Paris, France | 49th (15-Dec-23) |
| 31 | Niotaki Kyriaki | Associate Professor | Télécom Paris, France | 49th (15-Dec-23) |
| 32 | Radu Prodan | Professor | University of Klagenfurt, Austria | 49th (15-Dec-23) |
| 33 | Shamaila Iram | Senior Lecturer | University of Huddersfield, UK | 49th (15-Dec-23) |
| 34 | Thar Baker Shamsa | Professor | The University of Brighton, UK | 49th (15-Dec-23) |
| 35 | Eduard Enoiu | Associate Professor | Malardalen University in Vasteras, Sweden | 48th (15-Sep-23) |
| 36 | Florian Kunneman | Assistant Professor | Department of Artificial Intelligence Vrije Universiteit, Netherlands | 48th (15-Sep-23) |
| 37 | Mehrdad Saadatmand | Senior Researcher and Project Manager | RISE Research Institutes of Sweden, Vasteras | 48th (15-Sep-23) |
| 38 | Ammar Ahmad Awan | Senior Researcher | Microsoft Bellevue USA | 47th (09-Jun-23) |
| 39 | Ammar Belatreche | Associate Professor | Northumbria University, UK | 47th (09-Jun-23) |
| 40 | Zeeshan Pervez | Professor | University of the West of Scotland, UK | 47th (09-Jun-23) |
| 41 | Ashraf Osman | Senior Lect. | Kota Kinabalu Malaysia | 46th (17-Mar-23) |
| 42 | Arianit Kurti | Associate Professor | Linnaeus University (LNU) Sweden | 45th (30-Dec-22) |
| 43 | Elhadj Benkhelifa | Professor | Staffordshire University, UK | 45th (30-Dec-22) |
| 44 | Nawaz Raheel | Professor | Staffordshire University, UK | 45th (30-Dec-22) |
| 45 | Peng Tang | Assistant Professor | Shandong University, China | 45th (30-Dec-22) |
| 46 | Rajesh Kumar | Associate Professor | University of Electronics Science And Technology of China | 45th (30-Dec-22) |
| 47 | Ahmed Chan | Assistant Professor | Saint John's University, New York, USA | 44th (16-Sep-22) |
| 48 | Asadullah Shah | Professor | Kulliyyah of Information and Communication Technology, International Islamic University Malaysia | 44th (16-Sep-22) |
| 49 | Fahad Saeed | Associate Professor | Florida International University, USA | 44th (16-Sep-22) |
| 50 | Jinbo Xu | Professor | Toyota Technology Institute, USA | 44th (16-Sep-22) |
| 51 | Jinbo Xu | Professor | Toyota Technology Institute, USA | 44th (16-Sep-22) |
| 52 | Furqan Aziz | Research Fellow | University of Birmingham, UK | 43rd (17-Jun-22) |
| 53 | Naseem Ibrahim | Associate Professor | Penn State University, USA | 43rd (17-Jun-22) |
| 54 | Nelly Bencomo | Associate Professor | Durham University, UK | 43rd (17-Jun-22) |
| 55 | Nguyen Hoang Tran | Senior Lecturer | The University of Sydney, Australia | 43rd (17-Jun-22) |
| 56 | Wen-Li Wang | Associate Professor | Penn State University, USA | 43rd (17-Jun-22) |
| 57 | Zhifeng Xiao | Associate Professor | Penn State University, USA | 43rd (17-Jun-22) |
| 58 | Jian Ren | Assistant Professor | Beihang University, China | 42nd (18-Mar-22) |
| 59 | Mohd Hafeez Osman | Senior Lecturer | Universiti Putra Malaysia (UPM) | 42nd (18-Mar-22) |
| 60 | Mourad Badri | Professor | University of Quebec, Canada | 42nd (18-Mar-22) |
| 61 | Nikolaos Mittas | Assistant Professor | International Hellenic University (IHU), Greece | 42nd (18-Mar-22) |
| 62 | Leandro L. Minku | Senior Lecturer | University of Birmingham, UK | 41st (24-Dec-21) |
| 63 | Luiz Fernando Capretz | Professor | Western University, Canada | 41st (24-Dec-21) |
| 64 | Nauman Ali | Associate Professor | Blekinge Institute of Technology, Sweden | 41st (24-Dec-21) |
| 65 | Radek Silhavy | Associate Professor | Tomas Bata University in Zlin, Czech Republic | 41st (24-Dec-21) |
| 66 | Tülin Erçelebi Ayyildiz | Assistant Professor | Baskent University, Turkey | 41st (24-Dec-21) |
| 67 | Meng Hu | Lecturer | University of Regina, Canada | 41st (24-Dec-21) |
| 68 | Huaxiong Li | Associate Professor | Nanjing University, Nanjing, China | 41st (24-Dec-21) |
| 69 | Zhang Yan | Assistant Professor | California State University, San Bernardino, USA | 41st (24-Dec-21) |
| 70 | Bartolomeo Montrucchio | Associate Professor | DAUIN Dept. Politecnico di Torino, Turin, Italy | 41st (24-Dec-21) |
| 71 | Zhang Yan | Assistant Professor | California State University, San Bernardino, USA | 41st (24-Dec-21) |
| 72 | Bartolomeo Montrucchio | Associate Professor | DAUIN Dept. Politecnico di Torino, Turin, Italy | 41st (24-Dec-21) |
| 73 | Abid Khan | Lecturer | Aberystwyth University, UK | 40th (24-Sep-21) |
| 74 | Domenico Ciuonzo | Assistant Professor | University of Naples, Italy | 40th (24-Sep-21) |
| 75 | Elisa Ficara | Associate Professor | Emilia University, Modena, Emilia-Romagna, Italy | 40th (24-Sep-21) |
| 76 | Gianfranco Politano | Assistant Professor | Politecnico di Torino, Italy | 40th (24-Sep-21) |
| 77 | Giusi Alfano | Post Doc Researcher | Politecnico di Torino, Italy | 40th (24-Sep-21) |
| 78 | Korhan Cengiz | Assistant Professor | Trakya University, Turkey | 40th (24-Sep-21) |
| 79 | Omer Rana | Professor | Cardiff University, Cardiff, UK | 40th (24-Sep-21) |
| 80 | Rihab Khalid Al | Senior Lecturer | University of Gloucestershire, UK | 40th (24-Sep-21) |
| 81 | Shahid Mumtaz | Professor | Universidade de Aveiro, Portugal | 40th (24-Sep-21) |
| 82 | Stefano di Carlo | Associate Professor | Politecnico di Torino, Italy | 40th (24-Sep-21) |
| 83 | Wenquan Jin | Post Doc Researcher | Jeju National University, South Korea | 40th (24-Sep-21) |
| 84 | Domenico Ciuonzo | Assistant Professor | University of Naples, Italy | 40th (24-Sep-21) |
| 85 | Alexei Sharpanskykh | Assistant Professor | TU Delft University, Delft, The Netherlands | 39th (25-Jun-21) |
| 86 | Charlotte Gerritsen | Assistant Professor | Vrije University, Amsterdam, The Netherlands | 39th (25-Jun-21) |
| 87 | Fahad Saeed | Associate Professor | UNIVERSITY OF ILLINOIS AT CHICAGO (UIC), USA | 39th (25-Jun-21) |
| 88 | Haris Ahmad Khan | Assistant Professor | Wageningen University & Research, Wageningen, The Netherlands | 39th (25-Jun-21) |
| 89 | Khurram Shaikh | Section Manager and Co-Chairman (EEE) | Uxbridge College Park Road, Uxbridge, HCUC London | 39th (25-Jun-21) |
| 90 | Mehmood Nawaz | Post-Doctoral Fellow | The University of Hong Kong, Hong Kong | 39th (25-Jun-21) |
| 91 | Mustafa Atay | Associate Professor | Winston-Salem State University, USA | 39th (25-Jun-21) |
| 92 | Shah Nawaz | Post-Doctoral Fellow | German Electron Synchrotron, Hamburg, Germany | 39th (25-Jun-21) |
| 93 | Tahir Mahmood | Lecturer | Open University, Hong Kong | 39th (25-Jun-21) |
| 94 | Yoshihiro Mitani | Professor | National Institute of Technology, Ube College, Japan | 39th (25-Jun-21) |
| 95 | Junaid Arshad | Associate Professor | School of Computing and Digital Technology, Birmingham City University, UK | 38th (26-Mar-21) |
| 96 | Lei Jiao | Assistant Professor | University of Oregon, USA | 38th (26-Mar-21) |
| 97 | Mubashir Husain | Assistant Professor | Cork Institute of Technology (CIT), Ireland | 38th (26-Mar-21) |
| 98 | Rianne Van Lambalgen | Assistant Professor | Utrecht University, Netherlands | 38th (26-Mar-21) |
| 99 | Muhammad Awais | Senior Lecturer | Edge Hill University, UK | 37th (01-Jan-21) |
| 100 | Emdad Ahmed | Assistant Professor | Kennesaw State University, USA | 37th (01-Jan-21) |
| 101 | Mohsin Raza | Senior Lecturer | Edge Hill University, UK | 37th (01-Jan-21) |
| 102 | Shahid Hussain | Assistant Professor | Penn State University, USA | 37th (01-Jan-21) |
| 103 | Natalie Van Der Wal | Associate Professor | Delft University of Technology, Netherlands | 37th (01-Jan-21) |
| 104 | Jan Treur | Professor | Vrije University, Amsterdam, Netherlands | 37th (01-Jan-21) |
| 105 | Mark Hoogendoorn | Professor | Vrije University, Amsterdam, Netherlands | 37th (01-Jan-21) |
| 106 | Juan Carlos Augusto | Professor | Middlesex University, UK | 37th (01-Jan-21) |
| 107 | Dieter Hogrefe | Professor | University of Goettingen, Germany | 37th (01-Jan-21) |
| 108 | Konglin Zhu | Associate Professor | Beijing University of Posts and Telecommunications, China | 37th (01-Jan-21) |
| 109 | Konrad Rieck | Professor | Technical University of Braunschweig, Germany | 37th (01-Jan-21) |
| 110 | Arif Ali Khan | Associate Professor | Nanjing University of Aeronautics and Astronautics, Nanjing, China | 37th (01-Jan-21) |
| 111 | Edoardo Patti | Assistant Professor | Politecnico di Torino, Italy | 37th (01-Jan-21) |
| 112 | Muhammad Awais | Senior Lecturer | Edge Hill University, UK | 37th (01-Jan-21) |
| 113 | Shahid Hussain | Assistant Professor | Penn State University, USA | 37th (01-Jan-21) |
| 114 | Arif Ali Khan | Associate Professor | Nanjing University of Aeronautics and Astronautics, Nanjing, China | 37th (01-Jan-21) |
| 115 | Ender Özcan | Associate Professor | University of Nottingham, UK | 36th (09-Oct-20) |
| 116 | Jakub Nalepa | Assistant Professor | Silesian University of Technology, Gliwice, Poland | 36th (09-Oct-20) |
| 117 | Ke Li | Senior Lecturer | University of Exeter, UK | 36th (09-Oct-20) |
| 118 | Noor Zaman | Associate Professor | Taylor's University SDN BHD, Malaysia | 36th (09-Oct-20) |
| 119 | Richard Jiang | Associate Professor | Lancaster University, UK | 36th (09-Oct-20) |
| 120 | Yi Mei | Senior Lecturer | Victoria University of Wellington, New Zealand | 36th (09-Oct-20) |
| 121 | Emilia Mendes | Professor | Blekinge Institute of Technology, Sweden | 35th (09-Jun-20) |
| 122 | John Grundy | Professor | Monash University, Australia | 35th (09-Jun-20) |
| 123 | Muhammad Naveed Anwar | Senior Lecturer | Northumbria University, New Castle, UK | 35th (09-Jun-20) |
| 124 | Norsaremah Salleh | Associate Professor | International Islamic University, Malaysia | 35th (09-Jun-20) |
| 125 | Suleman Khan | Senior Lecturer | Northumbria University, New Castle, UK | 35th (09-Jun-20) |
| 126 | Emilia Mendes | Professor | Blekinge Institute of Technology, Sweden | 35th (09-Jun-20) |
| 127 | Alireza Jolfaei | Assistant Professor | Macquarie University, Sydney Australia | 34th (03-Jan-20) |
| 128 | Yong Jin Park | Professor | WASEDA University, Tokyo, Japan | 34th (03-Jan-20) |
| 129 | Bing Zhou | Associate Professor | Department of Computer Science, Sam Houston State University, Houston, USA. | 32nd (05-Jul-19) |
| 130 | Edwin Lughofer | Research Scientist | Johannes Kepler University, Linz, Austria | 32nd (05-Jul-19) |
| 131 | Fan Min | Professor | Lab of Machine Learning, School of Computer Science, Southwest Petroleum University, Chengdu, Sichuan 610500, China. | 32nd (05-Jul-19) |
| 132 | Hong Yu | Professor | Chongqing University of Posts & Telecommunications, Chongqing, China. | 32nd (05-Jul-19) |
| 133 | Humaira Nisar | Associate Professor | University Tunku Abdul Rahman, Malaysia | 32nd (05-Jul-19) |
| 134 | Jinhai Li | Professor | Faculty of Science, Kunming University of Science and Technology, Kunming 650500, Yunnan, PR China. | 32nd (05-Jul-19) |
| 135 | Sangoh Park | Assistant Professor | Chung-Ahg University, South Korea | 32nd (05-Jul-19) |
| 136 | Seo-Young Noh | Assistant Professor | Chungbuk, National University, South Korea | 32nd (05-Jul-19) |
| 137 | Woojin Seok | Director of Advanced KREONET Center | KISTI, Daejon, South Korea | 32nd (05-Jul-19) |
| 138 | Woojin Seok | Director of Advanced KREONET Center | KISTI, Daejon, South Korea | 32nd (05-Jul-19) |
| 139 | Chris Callison-Burch | Associate Professor | University of Pennsylvania, Philadelphia USA | 29th (11-Oct-18) |
| 140 | Christopher Gravier | Associate Professor | Telecom Saint-Etienne, University, Jean Monnet, France | 29th (11-Oct-18) |
| 141 | David W. Aha | Head, Adaptive System Section | Navy Center for Applied Research in Artificial Intelligence, Washington | 29th (11-Oct-18) |
| 142 | Gai-Ge Wang | Associate Professor | Occean University of China | 29th (11-Oct-18) |
| 143 | Hasan Davulcu | Associate Professor | Arizona State University, Tempe, USA | 29th (11-Oct-18) |
| 144 | Ing. Hermann | Professor | RWTH Aachen University of Technology, Germany | 29th (11-Oct-18) |
| 145 | Irfan Mehmood | Assistant Professor | Sejong University, South Korea | 29th (11-Oct-18) |
| 146 | Kristina N. Toutanova | Research Scientist | Google Research Seattle, USA | 29th (11-Oct-18) |
| 147 | Mohammad Yakoob Siyal | Associate Professor | Nan yang Technological University, Singapore | 29th (11-Oct-18) |
| 148 | Tariq Mahmood | Assistant Professor | Korea Technology University, South Korea | 29th (11-Oct-18) |
| 149 | David W. Aha | Head, Adaptive System Section | Navy Center for Applied Research in Artificial Intelligence, Washington | 29th (11-Oct-18) |
| 150 | Asadullah Shah | Professor | International Islamic University, Malaysia | 27th (04-Jul-18) |
| 151 | Osama Sohaib | Lecturer | University of Technology, Sydney | 27th (04-Jul-18) |
| 152 | Sayed Chhattan Shah | Assistant Professor | Hankuk Univ. of Foreign Studies, S. Korea | 27th (04-Jul-18) |
| 153 | Tibor Bosse | Professor | Radboud University, The Netherlands | 27th (04-Jul-18) |
| 154 | Wasif Afzal | Associate Professor | Malardalen University, Sweden | 27th (04-Jul-18) |
| 155 | Ali Imran | Assistant Professor | University of Oklahoma, USA | 25th (01-Jan-18) |
| 156 | Feroz Zahid | Research Scientist | Simula Research Laboratory, Norway | 26th (01-Jan-18) |
| 157 | Kamran Munir | Senior Lecturer | University of the West of England (UWE), Bristol, UK | 26th (01-Jan-18) |
| 158 | Luca Foschini | Assistant Professor | University of Bologna, Spain | 26th (01-Jan-18) |
| 159 | Sachin Umrao | Post Doc Researcher | Hanyang University, South Korea | 26th (01-Jan-18) |
| 160 | Salman Haleem | Research Associate | Manchester Metropolitan University, UK | 26th (01-Jan-18) |
| 161 | Fouad Khelifi | Senior Lecturer | Northumbria University, UK | 24th (19-Jun-17) |
| 162 | James Pope | Research Associate | University of Laingsburg, Portugal | 24th (19-Jun-17) |
| 163 | Jungong Han | Senior Lecturer | Northumbria University, UK | 24th (19-Jun-17) |
| 164 | Vincent Vigneron | Associate Professor | Universit'é d’Evry val d'Essone, Evry, France | 23rd (26-Dec-16) |
| 165 | Zaki Malik | Assistant Professor | Eastern Michigan University, MI, USA | 23rd (26-Dec-16) |
| 166 | Chunbo Chu | Interim Program Chair | Franklin University, Columbus, OH. | 22nd (30-Jun-16) |
| 167 | Farhan Siddiqui | Faculty Member | Walden University, Minnesota, USA | 22nd (30-Jun-16) |
| 168 | Kewi Sha | Assistant Professor | University of Houston, Clear Lake, | 22nd (30-Jun-16) |
| 169 | Mohamed Zahran | Associate Professor | New York University | 22nd (30-Jun-16) |
| 170 | Farhan Siddiqui | Faculty Member | Walden University, Minnesota, USA | 22nd (30-Jun-16) |
| 171 | Irene Fondon | Professor | University of Seville, Spain | 21st (22-Dec-15) |
| 172 | Muhammad Atif | Associate Professor | Northumbria University, UK | 21st (22-Dec-15) |
| 173 | Stephane Ducasse | Senior Researcher | INRIA Lille Nord Europe – LIFL/USTL-CNRS UMR 8022 France | 21st (22-Dec-15) |
| 174 | Volfango Bertola | Senior Lecturer | University of Liverpool, UK | 21st (22-Dec-15) |
| 175 | Grace Metri | Research Scientist | Intel Corporation, Oregon, USA | 20th (05-Jun-15) |
| 176 | Leila Ismail | Associate Professor | Associate Professor, UAE University, UAE | 20th (05-Jun-15) |
| 177 | Ahmed Bouridane | Professor | Northumbria University, UK | 19th (19-Dec-14) |
| 178 | Ahmed Elgammal | Associate Professor | Rutgers University, USA | 19th (19-Dec-14) |
| 179 | Alexander Bergel | Assistant Professor | University of Chile | 19th (19-Dec-14) |
| 180 | Amir Hussain | Director | University of Stirling, Scotland, UK | 19th (19-Dec-14) |
| 181 | Asif Q. Gill | Principal | Independent Agile ICT Consultant, Sydney, Australia | 19th (19-Dec-14) |
| 182 | Asim Munawar | Research | IBM Research, Japan | 19th (19-Dec-14) |
| 183 | Elhadi Shakshuki | Professor | Jordey School of Computer Science, Acadia University, Wolfville Nova Scotia | 19th (19-Dec-14) |
| 184 | Emre Celebi | Associate Professor | Louisiana State University, USA | 19th (19-Dec-14) |
| 185 | Ibrahim Khalid | Senior Lecturer | RMIT University, Australia | 19th (19-Dec-14) |
| 186 | Kamran Shafi | Lecturer | School of Engineering and Technology, Australia | 19th (19-Dec-14) |
| 187 | Mahmoud R. EI-Sakka | Associate Professor | The University of Western Ontario, London | 19th (19-Dec-14) |
| 188 | Shukor Abd Razak | Associate Professor | Universiti Teknologi, Malaysia | 19th (19-Dec-14) |
| 189 | Jaun Julin Merelo Guervs | Professor | University of Granada | 17th (05-Dec-13) |
| 190 | Jose A. Lozano | Associate Professor | University of the Basque Country, Spain | 17th (05-Dec-13) |
| 191 | Kam-Bourakis Georgios | Professor | Tsinghua University, Beijing, China | 17th (05-Dec-13) |
| 192 | Nauman Aslam | Senior Lecturer | Northumbria University, Newcastle upon Tyne, UK | 17th (05-Dec-13) |
| 193 | Tanveer A. Zia | Professor | Charles Strut University, Australia | 17th (05-Dec-13) |
| 194 | Xuegong Zhang | Professor | Tsinghua University, Beijing, China | 17th (05-Dec-13) |
| 195 | Ling Shao | Senior Lecturer | University of Sheffield, UK | 16th (18-May-13) |
| 196 | Lynette van Zijl | Professor | Stellenbosch University, South Africa | 16th (18-May-13) |
| 197 | Simone Rinaldi | Associate Professor | University of Sienna, Italy | 16th (18-May-13) |
| 198 | Vincent Vajnovszki | Professor | University of Burgundy, France | 16th (18-May-13) |
| 199 | Ahsan Morshed | VialedelleTerme di Caracalla, Rome, Italy | 14th (07-Jul-12) |
| 200 | Ashfaq Khokar | Professor | University of Illinois | 14th (07-Jul-12) |
| 201 | Engin Kirda | Associate Professor | Northeastern University, USA | 14th (07-Jul-12) |
| 202 | M. Shehab | Assistant Professor | University of North Carolina | 14th (07-Jul-12) |
| 203 | Yingjiu Li | Associate Professor | Singapore Management University | 14th (07-Jul-12) |
| 204 | Younis M | Associate Professor | University of Maryland | 14th (07-Jul-12) |
| 205 | Ahsan Morshed | VialedelleTerme di Caracalla, Rome, Italy | 14th (07-Jul-12) |
| 206 | Aamir Saeed Malik | Senior Lecturer | University Technology Petronas, Malaysia | 13th (21-Dec-11) |
| 207 | Abbas Kazim Zaidi | Associate Professor | George Mason University, USA | 13th (21-Dec-11) |
| 208 | Gianluigi Ferrari | Associate Professor | University of Parma, Italy | 13th (21-Dec-11) |
| 209 | Jan Jurgens | Senior Lecturer | TU Dortmund, Dortmund, Germany | 13th (21-Dec-11) |
| 210 | Mahmood Shah | Senior Lecturer | University of Central Lancashire, UK | 13th (21-Dec-11) |
| 211 | Ming Li | Professor | East China Normal University, China | 13th (21-Dec-11) |
| 212 | Panagiotis Karampelas | Professor | Hellenic American University, Greece | 13th (21-Dec-11) |
| 213 | Syed Malek Mustapha | Professor | Asia E-University, Malaysia | 13th (21-Dec-11) |
| 214 | Umit Topaluglu | Assistant Professor | University of Arkansas, USA | 13th (21-Dec-11) |
| 215 | Zoran Bojkovic | Professor | University of Belgrade, Serbia | 13th (21-Dec-11) |
| 216 | Atiq-uz-Zaman | Professor | University of Oklahoma, Norman, USA | 11th (04-Dec-10) |
| 217 | Ayoub Al-Hamadi | Professor | Otto-von-Guericke-University, Germany | 11th (04-Dec-10) |
| 218 | Colin Flanagan | Senior Lecturer | University of Limerick, Ireland | 11th (04-Dec-10) |
| 219 | Edy Tri Baskoro | Professor | Institute Technology Bandung, Indonesia | 11th (04-Dec-10) |
| 220 | Farshad Fatoudhi | Professor | Wayne State University, USA | 11th (04-Dec-10) |
| 221 | Garry Allen | Senior Lecturer | University of Huddersfield, UK | 11th (04-Dec-10) |
| 222 | Hsin-Chang Yang | Associate Professor | National University of Kaohsiung | 11th (04-Dec-10) |
| 223 | Jonathan Loo | Reader | Middlesex University, UK | 11th (04-Dec-10) |
| 224 | Keith Harrow | Professor | Brooklyn College, New York, USA | 11th (04-Dec-10) |
| 225 | Koichi Sagawa | Professor | Hirosaki University, Japan | 11th (04-Dec-10) |
| 226 | Michael Affenzeller | Professor | Upper Austria University of Applied Sciences | 11th (04-Dec-10) |
| 227 | Mirka Miller | Professor | University of New Castle, Australia | 11th (04-Dec-10) |
| 228 | Nadeem Jamali | Associate Professor | University of Saskatchewan, Canada | 11th (04-Dec-10) |
| 229 | Nasir Rajpoot | Associate Professor | University of Warwick, Coventry, UK | 11th (04-Dec-10) |
| 230 | Nasrullah Memon | Associate Professor | University of Southern Denmark | 11th (04-Dec-10) |
| 231 | Nathan Baddoo | Senior Lecturer | University of Hertfordshire, UK | 11th (04-Dec-10) |
| 232 | Nauman Israr | Senior Lecturer | Teesside University, Middleborough, UK | 11th (04-Dec-10) |
| 233 | Stephan Winkler | Professor | Upper Austria University of Applied Sciences | 11th (04-Dec-10) |
| 234 | Sungyong Lee | Professor | Kyung Hee University, South Korea | 11th (04-Dec-10) |
| 235 | Zaigham Mahmood | Senior Lecturer | University of Derby, UK | 11th (04-Dec-10) |
| 236 | Andreas Rauber | Associate Professor | Vienna University of Technology, Austria | 10th (24-Apr-10) |
| 237 | Graham Kendall | Professor | University of Nottingham, UK | 10th (24-Apr-10) |
| 238 | Ho-Jin Choi | Associate Professor | Korea Advanced Institute of Science & Technology | 10th (24-Apr-10) |
| 239 | Otmar Scherzer | Professor | University of Vienna, Austria | 10th (24-Apr-10) |
| 240 | Tae Sun Choi | Professor | Gwangju Institute of Science and Technology, Korea | 10th (24-Apr-10) |

#### Electrical Engineering

| Sr. # | Name | Designation | University | BASR Meeting |
| --- | --- | --- | --- | --- |
| 1 | Muhammad Awais | Associate Professor | University of East Anglia, UK | 54th (21-Mar-25) |
| 2 | Haris Pervaiz | Senior Lecturer | University of Essex, UK | 54th (21-Mar-25) |
| 3 | Hassan Malik | Associate Professor | University of East Anglia, UK | 53rd (02-Jan-25) |
| 4 | Umar Khan | Assistant Professor | Edge Hill University UK | 53rd (02-Jan-25) |
| 5 | Zubair Ahmed | Assistant Professor | Qatar University, Doha Qatar | 53rd (02-Jan-25) |
| 6 | Mario Golden Baum | Professor | Bremen University of Applied Sciences, Bremen, Germany | 51st (28-Jun-24) |
| 7 | Muhammad Ijaz | Associate Professor | Manchester Metropolitan University, UK | 51st (28-Jun-24) |
| 8 | Saeed Anwar | Assistant Professor | Australian National University, Australia | 44th (19-Mar-24) |
| 9 | Saeed Anwar | Assistant Professor | Australian National University, Australia | 44th (16-Sep-22) |
| 10 | Roberto Garello | Associate Professor | Politecnico di Torino, Italy | 43rd (17-Jun-22) |
| 11 | Di Zhang | Associate Professor | Zhengzhou University, China | 39th (25-Jun-21) |
| 12 | Rasheed Hussain | Associate Professor | Innopolis University, Russia | 39th (25-Jun-21) |
| 13 | Yu Keping | Assistant Professor | Waseda University, Japan | 39th (25-Jun-21) |
| 14 | Gautam Srivastava | Professor | Brandon University, Canada | 33rd (04-Oct-19) |
| 15 | Jun Wu | Associate Professor | Shanghai Jiao Tong University, China | 33rd (04-Oct-19) |
| 16 | Vuk Marojevic | Associate Professor | Mississippi State University, USA | 33rd (04-Oct-19) |
| 17 | Mojtaba Vaezi | Assistant Professor | Villanova University, Philadelphia, Pennsylvania, USA | 28th (04-Jul-18) |
| 18 | Gayan Amarasuriya | Assistant Professor | Southern Illinois University, USA | 25th (03-Oct-17) |
| 19 | Yingbin Liang | Associate Professor | Syracuse University, USA | 25th (03-Oct-17) |
| 20 | Zhenyu Zhou | Associate Professor | North China Electric Power University, Beijing, China | 25th (03-Oct-17) |
| 21 | Erich Leitgeb | Associate Professor | Graz University of Technology, Austria. | 21st (22-Dec-15) |
| 22 | Wai Pang Ng | Associate Professor | Northumbria University, UK | 21st (22-Dec-15) |

#### Management Sciences

| Sr. # | Name | Designation | University | BASR Meeting |
| --- | --- | --- | --- | --- |
| 1 | Dahlia El-Manstrly | Senior Lecturer | University of Sheffield, UK | 55th (17-Jun-25) |
| 2 | Ghulam Mustafa | Associate Professor | KEDGE Business School, France | 55th (17-Jun-25) |
| 3 | Maruf Gbadebo Salimon | Senior Lecturer | University of Greenwich, Scotland | 55th (17-Jun-25) |
| 4 | Noor ul-Ain | Assistant Professor | Università Ca' Foscari Venezia, Italy | 55th (17-Jun-25) |
| 5 | Muhammad Shujaat Mubarik | Associate Professor | Heriot-Watt University, UK | 54th (21-Mar-25) |
| 6 | Asiye Ozlem Onder | Professor | Ege University Campus, Turkey | 53rd (02-Jan-25) |
| 7 | Badar Nadeem Ashraf | Senior Lecturer | London South Bank University, UK | 53rd (02-Jan-25) |
| 8 | Ghulam Murtaza | Associate Professor | Domaine De Luminy France | 53rd (02-Jan-25) |
| 9 | Ghulame Rubbaniy | Senior Lecturer | University of the West of England, Bristol, UK | 53rd (02-Jan-25) |
| 10 | Muhammad Umer Azeem | Professor | ESSCA School of Management, Lyon, France | 53rd (02-Jan-25) |
| 11 | Syed Jawad Hussain Shahzad | Associate Professor | Montpellier Business School, France | 53rd (02-Jan-25) |
| 12 | Tauhidul Islam Tanin | Professor | Technologico de Monterrey | 53rd (02-Jan-25) |
| 13 | Ghulam Murtaza | Associate Professor | Domaine De Luminy Marseille Cedex 09, France | 52nd (26-Sep-24) |
| 14 | Muhammad Umer Azeem | Professor | ESSCA School of Management, Lyon, France | 52nd (26-Sep-24) |
| 15 | Khalid Hussain | Assistant Professor | Sultan Qaboos University, Muscat, Oman | 51st (28-Jun-24) |
| 16 | Tahir Ali | Assistant Professor | University of Vaasa, Finland | 51st (28-Jun-24) |
| 17 | Imran Ali | Senior Lecturer | Northumbria University, Newcastle Upon Tyne, UK | 50th (19-Mar-24) |
| 18 | Inam ul Haq | Associate Professor | Leonardo da Vinci University Center, France | 50th (19-Mar-24) |
| 19 | Fahd Mohammed Obad Al-Shaghdari | Assistant Professor | IIUM Institute of Islamic Banking and Finance (IIiBF), Malaysia | 49th (15-Dec-23) |
| 20 | Jamid ul Islam | Assistant Professor | Dublin City University, Ireland | 49th (15-Dec-23) |
| 21 | Jasmina Ilicic | Associate Professor | Monash University, Melbourne, Australia | 49th (15-Dec-23) |
| 22 | Mohammad Saud Khan | Senior Lecturer | Victoria University of Wellington, New Zealand | 49th (15-Dec-23) |
| 23 | Nazrul Hazizi Noordin | Assistant Professor | IIUM Institute of Islamic Banking and Finance (IIiBF), Malaysia | 49th (15-Dec-23) |
| 24 | Asad Ali Rind | Assistant Professor | Y School, South Champagne Business School, Troyes, France | 48th (15-Sep-23) |
| 25 | Usama Awan | Associate Professor | Department of Business Administration, Inland School of Business and Social Sciences, University of Applied Sciences, Norway | 48th (15-Sep-23) |
| 26 | Sajid Mukhtar Chaudhry | Senior Lecturer | Aston Business School, Aston University Birmingham, UK | 48th (15-Sep-23) |
| 27 | Aziz Hayat | Senior Lecturer | Deakin University, Australia | 44th (16-Sep-22) |
| 28 | Cuong Nguyen | Senior Lecturer | Lincoln University, N.Zealand | 44th (16-Sep-22) |
| 29 | Ishaq Bhatti | Professor | La Trobe University, Australia | 44th (16-Sep-22) |
| 30 | Aziz Hayat | Senior Lecturer | Deakin University, Australia | 44th (16-Sep-22) |
| 31 | Ishaq Bhatti | Professor | La Trobe University, Australia | 44th (16-Sep-22) |
| 32 | Cordula Barzantny | Professor | Toulouse Business School, France | 43rd (17-Jun-22) |
| 33 | Sebastian Reiche | Professor | IESE Business School, Spain | 43rd (17-Jun-22) |
| 34 | Carlos Flavian-Blanco | Professor | University of Zaragoza, Spain | 40th (24-Sep-21) |
| 35 | Ebru Uzunoglu | Professor | Izmir University of Economics, Turkey | 40th (24-Sep-21) |
| 36 | Philip J. Kitchen | Professor | ICN-Artem Business School, Nancy, France | 40th (24-Sep-21) |
| 37 | Wafa Hammedi | Professor | The University of Namur, Belgium | 40th (24-Sep-21) |
| 38 | Simonov Kusi-Sarpong | Senior Lecturer | University of Southampton, UK | 38th (26-Mar-21) |
| 39 | Cristina Boari | Professor | University of Bologna, Italy | 37th (01-Jan-21) |
| 40 | Paula Ungureanu | Assistant Professor | University of Modena and Reggio Emilia, Italy | 37th (01-Jan-21) |
| 41 | Rajah A/L Rasiah | Professor | University of Malaya, Kuala Lumpur, Malaysia | 37th (01-Jan-21) |
| 42 | Samia Hoque | Assistant Professor | Manchester Metropolitan University, UK | 37th (01-Jan-21) |
| 43 | Youso Hoshinu | Professor | The University of Tsukuba, Japan | 37th (01-Jan-21) |
| 44 | Amina R. Malik | Assistant Professor | School of Business, Trent University Oshawa, Canada | 35th (09-Jun-20) |
| 45 | Fabiola Bertolotti | Associate Professor | University of Modena and Reggio Emilia, Italy | 35th (09-Jun-20) |
| 46 | Inam Ul Haq | Senior Lecturer | Monash University Malaysia | 35th (09-Jun-20) |
| 47 | Faizan Ali | Assistant Professor | University of South Florida Sarasota-Manatee, USA | 32nd (05-Jul-19) |
| 48 | Fazl ul Rabbanee | Senior Lecturer | Curtin University, Australia | 32nd (05-Jul-19) |
| 49 | Ken Butcher | Senior Lecturer | Griffith University, Australia | 32nd (05-Jul-19) |
| 50 | Rian Beise-Zee | Professor | Ritsumeikan Asia Pacific University, Japan | 32nd (05-Jul-19) |
| 51 | Sanjit Kumar Roy | Senior Lecturer | The University of Western Australia | 32nd (05-Jul-19) |
| 52 | Amran Bin Md. Rasli | Professor | University of Technology, Malaysia | 27th (04-Jul-18) |
| 53 | Kublaiy Ozyer | Associate Professor | Gaziosmanpasa University, Turkey | 27th (04-Jul-18) |
| 54 | Hussain Dildar | Associate Professor | Rennes School of Business, France | 26th (01-Jan-18) |
| 55 | Hussain Rammal | Associate Professor | University of Technology, Sydney, Australia. | 26th (01-Jan-18) |
| 56 | Marijana Baric | Assistant Professor | University of Sheffield, UK | 26th (01-Jan-18) |
| 57 | Saadat Saeed | Associate Professor | Durham University Business School, UK | 26th (01-Jan-18) |
| 58 | Umair Shafi | Assistant Professor | Kent Business School, UK | 26th (01-Jan-18) |
| 59 | Yasuo Hoshino | Professor | Emeritus, The University of Tsukuba, Japan | 26th (01-Jan-18) |
| 60 | Dave Bouckenoogh | Associate Professor | Brock University (Canada) | 22nd (30-Jun-16) |
| 61 | Dongho Kim | Assistant Professor | State University NY, Empire State College | 22nd (30-Jun-16) |
| 62 | Isac Nicoleta | Lecturer | University of Pitesti , Faculty of Economic Science | 22nd (30-Jun-16) |
| 63 | Ishaq Bhatti | Associate Professor | College of Arts, Social Sciences and Commerce, La Trobe University, Australia | 22nd (30-Jun-16) |
| 64 | M. Nauman Farooqi | Professor Finance | Mount Allison University, Sackville, Canada. | 22nd (30-Jun-16) |
| 65 | M.Usman Raja | Associate Professor | University, St Catharines, Canada | 22nd (30-Jun-16) |
| 66 | Raihan Khan | Associate Dean | State University of New York at Oswego, | 22nd (30-Jun-16) |
| 67 | M. Nauman Farooqi | Professor Finance | Mount Allison University, Sackville, Canada. | 22nd (30-Jun-16) |
| 68 | Raihan Khan | Associate Dean | State University of New York at Oswego | 22nd (30-Jun-16) |

#### Mathematics

| Sr. # | Name | Designation | University | BASR Meeting |
| --- | --- | --- | --- | --- |
| 1 | Guoqian Chen | Professor | Peking University, Beijing, China | 50th (19-Mar-24) |
| 2 | Sameh Askar | Professor | King Saud University, Saudi Arabia | 50th (19-Mar-24) |
| 3 | Muhammad Imran | Associate Professor | United Arab Emirates University (UAEU), UAE | 49th (15-Dec-23) |
| 4 | Sebastian Bahamonde | Post. Doc. Researcher | University of Tokyo, Japan | 49th (15-Dec-23) |
| 5 | Wenshui Lin | Associate Professor | Xiamen University, Xiamen, China | 49th (15-Dec-23) |
| 6 | Roslan Hasni | Associate Professor | Universiti Malaysia Terengganu Malaysia | 46th (17-Mar-23) |
| 7 | Enrique Herrera-Viedma | Professor | University of Granada, Spain | 41st (24-Dec-21) |
| 8 | Little Bertis Britt | Professor | University of Louisville, USA | 41st (24-Dec-21) |
| 9 | Valentina E. Balas | Professor | Aurel Vlaicu University of Arad, Romania | 41st (24-Dec-21) |
| 10 | Wei Gao | Professor | Yunnan Normal University, China | 41st (24-Dec-21) |
| 11 | Ali Ovgun | Associate Professor | Eastren Mediterranean University, Turkey | 40th (24-Sep-21) |
| 12 | Jesús Emmanuel Solís Pérez | National Researcher | Tecnológico Nacional de México, Mexico | 39th (25-Jun-21) |
| 13 | Jose Francisco Gomez Aguilar | Professor | National Center of Research and Technological Development, Mexico | 39th (25-Jun-21) |
| 14 | Mahathir Bin Mohamad | Senior Lecturer | University Tun Hussein Onn, Malaysia | 39th (25-Jun-21) |
| 15 | Rozaini Bin Roslan | Professor | University Tun Hussein Onn, Malaysia | 39th (25-Jun-21) |
| 16 | Andrea Semanicová-Fenovcíková | Associate Professor | Technical University of Košice, Slovakia | 38th (26-Mar-21) |
| 17 | Esra Karatas Akgül | Associate Professor | Siirt University, Turkey | 38th (26-Mar-21) |
| 18 | M. Irfan Hameed | Professor | The University of South Carolina Upstate, USA | 38th (26-Mar-21) |
| 19 | Mikhail A. Sheremet | Professor | Tomsk State University, Russia | 38th (26-Mar-21) |
| 20 | Mohammad Mehdi Rashidi | Professor | University of Birmingham, UK | 38th (26-Mar-21) |
| 21 | Mustafa Turkyilmazoglu | Professor | Hacettepe University, Turkey | 38th (26-Mar-21) |
| 22 | Rao Li | Professor | University of South Carolina Aiken, South Carolina | 38th (26-Mar-21) |
| 23 | Tomas Vetrik | Professor | University of the Free State, Bloemfontein, South Africa | 38th (26-Mar-21) |
| 24 | Ali Akgul | Associate Professor | Siirt University, Turkey | 36th (09-Oct-20) |
| 25 | Cemil Tunc | Professor | Van Yuzuncu Yil University, Turkey | 36th (09-Oct-20) |
| 26 | E. F. Doungmo Goufo | Associate Professor | University of South Africa, South Africa | 36th (09-Oct-20) |
| 27 | Fahd Jarad | Professor | Çankaya University, Turkey | 36th (09-Oct-20) |
| 28 | Iver Hakon Brevik | Professor | Norwegian University of Science and Technology, Norway | 36th (09-Oct-20) |
| 29 | S. Habib Mazharimousavi | Professor | Eastern Mediterranean University, Gazimagusa, North Cyprus, Turkey | 36th (09-Oct-20) |
| 30 | Cosimo Stornaiolo | INFN researcher | University of Naples Federico II, Italy | 35th (09-Jun-20) |
| 31 | Mihai Postolache | Professor | Polytechnic University of Bucharest, Romania | 35th (09-Jun-20) |
| 32 | Oluwatosin Mewomo | Associate Professor | University of Kwazulu-Natal, Durban, South Africa | 35th (09-Jun-20) |
| 33 | Sergei Silvestrov | Professor | Malardalen University, Sweden | 35th (09-Jun-20) |
| 34 | Capozzielo Salvatrore | Professor | University of Naples "Federico II" | 33rd (04-Oct-19) |
| 35 | Sijie Gao | Professor | Beijing Normal University, China | 33rd (04-Oct-19) |
| 36 | Antonio Mastroberardino | Professor | Loyola University Chicago, USA | 28th (04-Jul-18) |
| 37 | Stanford Shateyi | Professor | University of Venda, South Africa | 28th (04-Jul-18) |
| 38 | De Baaets Bernard | Professor | Ghent University, Belgium | 26th (01-Jan-18) |
| 39 | Hossein Roshmanlou | Assistant Professor | University of Mazandaran, Iran | 26th (01-Jan-18) |
| 40 | Ioan Dzitac | Professor | Aurel Vlaicu University of Arad, Romania | 26th (01-Jan-18) |
| 41 | Sorin Gal | Professor | University of Oradea, Romania | 26th (01-Jan-18) |
| 42 | E. N. Saridakis | Adjunct Professor | Physics Department, Baylor University, Waco, TX, USA. | 25th (03-Oct-17) |
| 43 | Hershy Kisilevsky | Emeritus Professor | Concordia University, Canada | 25th (03-Oct-17) |
| 44 | Humio Ichimura | Professor | Ibaraki University, Japan | 25th (03-Oct-17) |
| 45 | István Gaál | Professor | Univ. of Debrecen, Hungary. | 25th (03-Oct-17) |
| 46 | Ji-Huan He | Professor | National Engineering Laboratory for Modern Silk, College of Textile and Clothing Engineering, Soochow University China | 25th (03-Oct-17) |
| 47 | Kaori Ota | Professor | Tsuda University, Tsuda, Japan. | 25th (03-Oct-17) |
| 48 | Michael Pohst | Emeritus Professor | Technische University, Germany. | 25th (03-Oct-17) |
| 49 | Ota Kaori | Professor | Tsuda College, Faculty of Liberal Arts, Japan | 25th (03-Oct-17) |
| 50 | Sergey D. Odintsov | Professor | Tomsk State University, Tomsk, Russia | 25th (03-Oct-17) |
| 51 | Tiberiu Harko | Associate Professor | University College London, London, United Kingdom (UK) | 25th (03-Oct-17) |
| 52 | E. N. Saridakis | Adjunct Professor | Physics Department, Baylor University, Waco, TX, USA. | 25th (03-Oct-17) |
| 53 | Brailey Sims | Professor | University of New Castle, Australia | 24th (19-Jun-17) |
| 54 | Mahpeyker ÖZTÜRK | Associate Professor | Sakarya University, Turkey | 24th (19-Jun-17) |
| 55 | Kazuharu Bamba | Associate Professor | Ochanomizu University Tokyo, Japan. | 23rd (26-Dec-16) |
| 56 | Ugur CAMCI | Professor | Akdeniz Univ., Antalya, Turkey | 23rd (26-Dec-16) |
| 57 | Yeol Je Cho | Professor | Gyeongsang National University, Chinju, Korea | 23rd (26-Dec-16) |
| 58 | Darko Dimitrov | Lecturer | Freie Universitat, Berlin | 21st (22-Dec-15) |
| 59 | Istvan Gall | Professor | University of Debrecen, Hungary | 21st (22-Dec-15) |
| 60 | Jon James | Professor | QMUL | 21st (22-Dec-15) |
| 61 | Jose C. Valverde | Professor | University of Castilla-La Mancha, Spain | 21st (22-Dec-15) |
| 62 | Kenneth S. Williams | Professor | Carleton University, Canada | 21st (22-Dec-15) |
| 63 | Kinikar Chandar | Associate Professor | Sungkyunkwan University, Korea | 21st (22-Dec-15) |
| 64 | Riste Skrekovski | Associate Professor | University Ljubljana, Slovenia | 21st (22-Dec-15) |
| 65 | Aldo Conca | Professor | University of Genova, Italy | 20th (05-Jun-15) |
| 66 | Alexandru Dimca | Professor | Universite Nice-Sophia Antipolis, France | 20th (05-Jun-15) |
| 67 | Gerhard Pfister | Professor | University of Kaiserslautern, Germany | 20th (05-Jun-15) |
| 68 | Hyun Kwang Kim | Professor | Pohang University of Science and Technology, Korea | 20th (05-Jun-15) |
| 69 | Istvan Gaal | Professor | University of Debrecen, Hungary | 20th (05-Jun-15) |
| 70 | Max Douglas Wakefield | Associate Professor | United States Naval Academy, USA | 20th (05-Jun-15) |
| 71 | Popescu Dorin-Mihail | Senior Researcher | University of Bucharest, Romania | 20th (05-Jun-15) |
| 72 | Sara Faridi | Associate Professor | Dalhousie University, Canada | 20th (05-Jun-15) |
| 73 | G. H. Gaskell | Professor | University of Leeds, UK | 19th (19-Dec-14) |
| 74 | Humberto Bustine | Professor | EscuelaTecnica Superior de IngenierosIndustriales y de Telecom, Pamplona | 19th (19-Dec-14) |
| 75 | Krassimir Todorov | Professor | Bulgarian Academy of Sciences, Bulgaria | 19th (19-Dec-14) |
| 76 | Lin Shwartz | Professor | University of Delaware, USA | 19th (19-Dec-14) |
| 77 | Ronald R. Yager | Professor | Information Systems, Iona College, New Rochelle, Ney York, USA | 19th (19-Dec-14) |
| 78 | Etienne E. Kerre | Professor | Department of Applied Mathematics & Computer Science Fuzziness and Uncertainty Modelling Research Unit B-9000 Belgium | 17th (05-Dec-14) |
| 79 | Francisco Antonio Muntaner Batle | Professor | University of Newcastle NSW, Australia | 17th (05-Dec-14) |
| 80 | John Mordeson | Professor | Creighton University, Nebraska, USA | 17th (05-Dec-14) |
| 81 | Julio Guerrero Garcia | Professor | University de Murica, Spain | 17th (05-Dec-14) |
| 82 | Kalman Gyory | Professor | Lajos Kossurth University, Hungry | 17th (05-Dec-14) |
| 83 | Katayama Shin-ichi | Professor | Tokushima University, Japan | 17th (05-Dec-14) |
| 84 | Kenjiro T. Miura | Professor | Shizuoka University, Japan | 17th (05-Dec-14) |
| 85 | Lawrence C. Washington | Professor | University of Maryland, USA | 17th (05-Dec-14) |
| 86 | Maria Luz Gandarias | Professor | Universidad de Cadiz, Spain | 17th (05-Dec-14) |
| 87 | Michel Waldschmidt | Professor | Pierre et Marie Curie, France | 17th (05-Dec-14) |
| 88 | Nicoleta Virginia Bila | Associate Professor | Fayetteville State University, North Carolina, USA | 17th (05-Dec-14) |
| 89 | Peter A Clarkson | Professor | University of Kent, UK | 17th (05-Dec-14) |
| 90 | Przemyslaw Kiciak | Professor | University of Warsaw, Poland | 17th (05-Dec-14) |
| 91 | Robert J. Cripps | Senior Lecturer | University of Birmingham, UK | 17th (05-Dec-14) |
| 92 | Yuqing Lin | Senior Lecturer | University of Newcastle NSW, Australia | 17th (05-Dec-14) |
| 93 | Zhijun (George) Qiao | Professor | University of Texas, USA | 17th (05-Dec-14) |
| 94 | Claude Levesque | Professor | Laval University, Quebec, Canada | 18th (17-Jun-14) |
| 95 | Michael Tsamparlis | Associate Professor | University of Athens, Greece | 18th (17-Jun-14) |
| 96 | Popescu Sever Angel | Professor | Technical University of Civil Engineering, Bucharest, Romania | 18th (17-Jun-14) |
| 97 | Ryotaro Okazaki | Associate Professor | Doshista University, Japan | 18th (17-Jun-14) |
| 98 | Tsuyoshi Uehara | Professor | Saga University, Japan | 18th (17-Jun-14) |
| 99 | Anjan Biswas | Associate Professor | College of Mathematics, Natural Sciences and Technology, USA | 17th (05-Dec-13) |
| 100 | Ebad Banissi | Professor | South Bank University, UK | 17th (05-Dec-13) |
| 101 | Erich Peter Klemet | Professor | University of Innsbruck, Austria | 17th (05-Dec-13) |
| 102 | IoanTomescu | Professor | Bucharest University, Romania | 14th (07-Jul-12) |
| 103 | Michal Krizek | Professor | Charles University, Prague, Czech Republic | 14th (07-Jul-12) |
| 104 | Ping Zhang | Professor | Western Michigan University, USA | 14th (07-Jul-12) |
| 105 | Volkmar Welker | Professor | Marburg University, Marburg, Germany | 14th (07-Jul-12) |
| 106 | Dumitru Vieru | Associate Professor | Technical University of Iasi, Romania | 13th (21-Dec-11) |
| 107 | Haitao Qi | Associate Professor | Shandong University, Weihai, China | 13th (21-Dec-11) |
| 108 | Ioan Pop | Professor | Technical University, ClujNapoca, Romania | 13th (21-Dec-11) |
| 109 | Wenchang Tan | Professor | Peking University, China | 13th (21-Dec-11) |
| 110 | Constantin Fetecau | Foreign Prof. | SMS GCU, Lahore | 11th (04-Dec-10) |
| 111 | Edi Tri Baskoro | Professor | Institute Teknologi Bandung, Indonesia | 11th (04-Dec-10) |
| 112 | Martin Baca | Technical University, Slovakia | 11th (04-Dec-10) |
| 113 | Mirka Millar | University of New Castle, Australia | 11th (04-Dec-10) |
| 114 | Martin Baca | Technical University, Slovakia | 11th (04-Dec-10) |
| 115 | Mirka Millar | University of New Castle, Australia | 11th (04-Dec-10) |

#### Physics

| Sr. # | Name | Designation | University | BASR Meeting |
| --- | --- | --- | --- | --- |
| 1 | Hector E. Nistazakis | Assistant Professor | Panepistimiopolis Zografou, Greece | 19th (19-Dec-14) |
| 2 | Riachard Alfred Matzner | Professor | University of Texas, USA | 17th (05-Dec-14) |

#### Summary of Approved Local Reviewers of the University

| Description | # of approved reviewers |
| --- | --- |
| Computer Science | 172 |
| Electrical Engineering | 26 |
| Management Sciences | 41 |
| Mathematics | 82 |
| **Total** | **321** |

#### Computer Science

| Sr. # | Name | Designation | University | BASR Meeting |
| --- | --- | --- | --- | --- |
| 1 | Awais Adnan | Professor | Institute of Management Sciences (IMSciences) Peshawar | 55th (17-Jun-25) |
| 2 | Muhammad Sajjad | Associate Professor | Islamia College University Peshawar | 55th (17-Jun-25) |
| 3 | Muhammad Shuaib | Assistant Professor | Pak-Austria FachHochschule Institute of Applied Sciences and Technology Haripur | 55th (17-Jun-25) |
| 4 | Sajid Anwar | Professor | Institute of Management Sciences (IMSciences) Peshawar | 55th (17-Jun-25) |
| 5 | Qamaruddin Memon | Assistant Professor | Bahria University, Karachi | 53rd (02-Jan-25) |
| 6 | Muhammad Haroon Yousaf | Professor | University of Engineering & Technology (UET) Taxila | 53rd (02-Jan-25) |
| 7 | Kashif Saghar | Project Director | National University of Sciences and Technology (NUST) Islamabad | 53rd (02-Jan-25) |
| 8 | Ahthasham Sajid | Assistant Professor | Riphah International University, Islamabad | 52nd (26-Sep-24) |
| 9 | Farooq Ahmad | Associate Professor | Comsats University, Lahore Campus | 52nd (26-Sep-24) |
| 10 | Hafiz Syed Muhammad Bilal | Assistant Professor | National University of Sciences & Technology (NUST), (SEECS) | 52nd (26-Sep-24) |
| 11 | Kashif Javed | Professor | University of Engineering and Technology (UET), Lahore | 52nd (26-Sep-24) |
| 12 | Mariam Rehman | Professor | Government College University. Faisalabad | 52nd (26-Sep-24) |
| 13 | Mehdi Hassan | Associate Professor | Air University, Islamabad | 52nd (26-Sep-24) |
| 14 | Mian Muhammad Awais | Professor | Lahore University of Management Sciences (LUMS), Lahore | 52nd (26-Sep-24) |
| 15 | Shahbaz Ahmad | Assistant Professor | National Textile University (NTU), Faisalabad | 52nd (26-Sep-24) |
| 16 | Muhammad Amjad Iqbal | Associate Professor | University of Central Punjab (UCP) Lahore | 51st (28-Jun-24) |
| 17 | Kashif Hanif | Associate Professor | Government College University (CGU), Faisalabad | 51st (28-Jun-24) |
| 18 | Kashif Kifayat | Professor | Air University, Islamabad | 51st (28-Jun-24) |
| 19 | Usama Ijaz Bajwa | Associate Professor | Comsats University, Islamabad | 51st (28-Jun-24) |
| 20 | Waheed Iqbal | Associate Professor | University of the Punjab | 51st (28-Jun-24) |
| 21 | Aftab Ahmad Shaikh | Professor | Sindh Madrasa-tul-Islam University (SMIU), Karachi | 50th (19-Mar-24) |
| 22 | Hasan Tahir Butt | Associate Professor | National University of Sciences and Technology, SEECS, Islamabad | 50th (19-Mar-24) |
| 23 | Mansoor Ahmed Khuhro | Associate Professor | Sindh Madrasa-tul-Islam University (SMIU), Karachi | 50th (19-Mar-24) |
| 24 | Muhammad Zahid Khan | Professor | University of Malakand, KPK | 49th (15-Dec-23) |
| 25 | Zunera Jalil | Professor | Air University, Islamabad | 49th (15-Dec-23) |
| 26 | Ayyaz Hussain | Professor | Quaid-e-Azam University, Islamabad | 48th (15-Sep-23) |
| 27 | Farooque Azam | Professor | National University of Sciences & Technology, Islamabad | 48th (15-Sep-23) |
| 28 | Tehseen Zia | Associate Professor | Comsats University, Islamabad | 48th (15-Sep-23) |
| 29 | Abdul Basit Siddiqui | Associate Professor | Capital University of Science and Technology, Islamabad | 47th (09-Jun-23) |
| 30 | Ghulam Muhammad | Associate Professor | 47th (09-Jun-23) |
| 31 | Syed Aun Irtaza | Associate Professor | University of Engineering Technology, Taxila | 47th (09-Jun-23) |
| 32 | Mansoor Alam | Professor | Riphah International University Islamabad | 45th (30-Dec-22) |
| 33 | Muhammad Aslam | Professor | UET-Lahore | 45th (30-Dec-22) |
| 34 | Sajid Ali | Associate Professor | UET-Multan | 45th (30-Dec-22) |
| 35 | Waqar Aziz | Professor | CECOS University of IT & Emerging Sciences, Peshawar | 45th (30-Dec-22) |
| 36 | Fakhre Alam | Assistant Professor | Institute of Management Sciences, Peshawar | 44th (16-Sep-22) |
| 37 | Kashif Bilal | Assistant Professor | Comsats University Abbottabad campus | 44th (16-Sep-22) |
| 38 | Shaukat Wasi | Associate Professor | Mohammad Ali Jinnah University, Karachi | 42nd (18-Mar-22) |
| 39 | Mohammad Saeed | Assistant Professor | University of Karachi | 42nd (18-Mar-22) |
| 40 | Ahmed Salman Khan | Assistant Professor | UOL, Lahore | 41st (24-Dec-21) |
| 41 | Tayyaba Anees | Assistant Professor | UMT, Lahore | 41st (24-Dec-21) |
| 42 | Muhammad Hanif | Assistant Professor | GIKI, Topi | 41st (24-Dec-21) |
| 43 | Umar Shoaib | Assistant Professor | University of Gujrat | 41st (24-Dec-21) |
| 44 | Naveed Islam | Assistant Professor | Islamia College University | 41st (24-Dec-21) |
| 45 | Salman Khan | Assistant Professor | UET, Peshawar | 41st (24-Dec-21) |
| 46 | Usman Habib | Assistant Professor | GIKI, Topi | 41st (24-Dec-21) |
| 47 | Jawad Manzoor | Assistant Professor | Air University, Islamabad | 40th (24-Sep-21) |
| 48 | M. Raza | Assistant Professor | SZABIST, Karachi | 40th (24-Sep-21) |
| 49 | Masroor Hussain | Associate Professor | GIKI, Topi | 40th (24-Sep-21) |
| 50 | Safdar Ali | Assistant Professor | UoL, Lahore | 40th (24-Sep-21) |
| 51 | Asim Wagan | Professor | MAJU, Karachi | 39th (25-Jun-21) |
| 52 | Faisal Karim Shaikh | Professor | MUET, Jamshoro, Karachi | 39th (25-Jun-21) |
| 53 | Imran Jami | Professor | MAJU, Karachi | 39th (25-Jun-21) |
| 54 | Noman Islam | Professor | Iqra University, Karachi | 39th (25-Jun-21) |
| 55 | Imran Amin | Professor | Szabist, Karachi | 39th (25-Jun-21) |
| 56 | M. Taha Jilani | Associate Professor | PAF-KIET, Karachi | 39th (25-Jun-21) |
| 57 | Rizwan Ahmed | Professor | Salim Habib University, Karachi | 39th (25-Jun-21) |
| 58 | Shaista Habib | Assistant Professor | UMT, Lahore | 39th (25-Jun-21) |
| 59 | Shakeel Ahmed | Professor | IBA, Karachi | 39th (25-Jun-21) |
| 60 | Sheraz Naseer | Assistant Professor | UMT, Lahore | 39th (25-Jun-21) |
| 61 | Syed Hasan Adil | Associate Professor | Iqra University, Karachi | 39th (25-Jun-21) |
| 62 | Zubair Nawaz | Associate Professor | Punjab University, Lahore | 39th (25-Jun-21) |
| 63 | Affan Alam | Assistant Professor | PAF-KIET, Karachi | 38th (26-Mar-21) |
| 64 | Basit Raza | Assistant Professor | Comsats, Islamabad | 38th (26-Mar-21) |
| 65 | Imran Naseem | Professor | PAF-KIET, Karachi | 38th (26-Mar-21) |
| 66 | Samiullah Khan | Assistant Professor | University, of Agri., Peshawar | 38th (26-Mar-21) |
| 67 | M. Khurram | Professor | NED-UET, Karachi | 38th (26-Mar-21) |
| 68 | Saman Hina | Associate Professor | NED-UET, Karachi | 38th (26-Mar-21) |
| 69 | Shariq Mahmood | Associate Professor | NED-UET, Karachi | 38th (26-Mar-21) |
| 70 | Shehnila Zardari | Associate Professor | NED-UET, Karachi | 38th (26-Mar-21) |
| 71 | Sohail Jabbar | Associate Professor | University, of Faisalabad | 38th (26-Mar-21) |
| 72 | Muzafar Khan | Assistant Professor | NUML, Isb | 37th (01-Jan-21) |
| 73 | Adeel Anjum | Assistant Professor | Comsats, Isb | 37th (01-Jan-21) |
| 74 | Danish Mehmood | Assistant Professor | SZABIST, Isb | 37th (01-Jan-21) |
| 75 | M. Hamad Alizai | Assistant Professor | LUMS | 37th (01-Jan-21) |
| 76 | Hasan Ali Khattak | Associate Professor | NUST, Isb | 37th (01-Jan-21) |
| 77 | Tanvir Afzal | Professor | NAMAL, Mianwali | 37th (01-Jan-21) |
| 78 | Saleem Khan | Assistant Professor | Comsats, Attock | 37th (01-Jan-21) |
| 79 | Ayaz ul Hassan Khan | Assistant Professor | Habib Univ., Khi | 37th (01-Jan-21) |
| 80 | M. Hamad Alizai | Assistant Professor | LUMS | 37th (01-Jan-21) |
| 81 | Imran Bajwa | Associate Professor | IUB, Bahawalpur | 36th (09-Oct-20) |
| 82 | Khurram Shahzad | Assistant Professor | PUCIT, Lahore | 36th (09-Oct-20) |
| 83 | Wali Khan | Associate Professor | KUST, Kohat | 36th (09-Oct-20) |
| 84 | Affaq Qamar | Assistant Professor | US-PCASE, Peshawar | 35th (09-Jun-20) |
| 85 | Ahmad Din | Assistant Professor | COMSATS, ABBT | 35th (09-Jun-20) |
| 86 | M. Asif | Professor | UoP | 35th (09-Jun-20) |
| 87 | Qasim Ali Arain | Assistant Professor | MUET, Jamshoro | 35th (09-Jun-20) |
| 88 | Rao M. Adeel Nawab | Assistant Professor | COMSATS, LHR | 35th (09-Jun-20) |
| 89 | Tauseef Ahmad | Assistant Professor | NUST, ISB | 35th (09-Jun-20) |
| 90 | Waqar Mehmood | Assistant Professor | COMSATS, WAH | 35th (09-Jun-20) |
| 91 | Wasi Haider Butt | Assistant Professor | NUST, ISB | 35th (09-Jun-20) |
| 92 | Zulfiqar Habib | Professor | COMSATS, LHR | 35th (09-Jun-20) |
| 93 | Tauseef Ahmad | Assistant Professor | NUST, ISB | 35th (09-Jun-20) |
| 94 | Yasar Ayaz | Associate Professor | NUST, Islamabad | 34th (03-Jan-20) |
| 95 | Laiq Hasan | Associate Professor | UET, Peshawar | 34th (03-Jan-20) |
| 96 | Azhar Rauf | Professor | University of Peshawar | 33rd (04-Oct-19) |
| 97 | Naveed Islam | Assistant Professor | Islamia College University, Peshawar | 33rd (04-Oct-19) |
| 98 | Nadeem Mehmood | Assistant Professor | University of Karachi | 32nd (05-Jul-19) |
| 99 | Uzma Afzal | Assistant Professor | Federal Urdu University, Karachi | 32nd (05-Jul-19) |
| 100 | Ali Hammad Akbar | Assistant Professor | UET, Lahore | 29th (11-Oct-18) |
| 101 | Asim Karim | Associate Professor | LUMS, Lahore | 29th (11-Oct-18) |
| 102 | Fakhar Lodhi | Professor | GIFT University, Gujranwala | 29th (11-Oct-18) |
| 103 | Haroon Atique Babri | Professor | UET, Lahore | 29th (11-Oct-18) |
| 104 | Muhammad Abid | Professor | University of Peshawar | 29th (11-Oct-18) |
| 105 | Syed Mansoor Sarwar | Professor | PUCIT, Lahore | 29th (11-Oct-18) |
| 106 | Kamran Ahsan | Assistant Professor | Federal Urdu University, Karachi | 28th (04-Jul-18) |
| 107 | M. Mobin Movania | Assistant Professor | DHA Suffa Univ., Karachi | 28th (04-Jul-18) |
| 108 | Ahmad Waqas | Associate Professor | Sukkur IBA University, Sukkur | 27th (06-Apr-18) |
| 109 | Ghazanfar Farooq | Assistant Professor | Quaid-i-Azam University, Islamabad | 27th (06-Apr-18) |
| 110 | Suhail Yousaf | Assistant Professor | UET Peshawar, KPK | 27th (06-Apr-18) |
| 111 | Waqar ul Qounain | Assistant Professor | PUCIT, University of Punjab, Lahore | 27th (06-Apr-18) |
| 112 | Zahid Abro | Professor | Quaid-e-Awam Univ., Nawabshah | 27th (06-Apr-18) |
| 113 | Ali Ismail | Associate Professor | NED University, Karachi | 25th (03-Oct-17) |
| 114 | Ghulam Abbas | Associate Professor | GIKI, KPK | 25th (03-Oct-17) |
| 115 | Irfan Ul Haq | Associate Professor | PIEAS, Islamabad | 25th (03-Oct-17) |
| 116 | Majid Iqbal | Associate Professor | CIIT, Islamabad | 25th (03-Oct-17) |
| 117 | Najeed Ahmad Khan | Associate Professor | NED University, Karachi | 25th (03-Oct-17) |
| 118 | Waheed Iqbal | Assistant Professor | PUCIT, PU, Lahore | 25th (03-Oct-17) |
| 119 | Zia-Ur-Rehman | Assistant Professor | CIIT, Abbottabad | 25th (03-Oct-17) |
| 120 | Asad Arfeen | Assistant Professor | NED University, Karachi | 24th (19-Jun-17) |
| 121 | M. Mubashir Khan | Associate Professor | NED University, Karachi | 24th (19-Jun-17) |
| 122 | Sarim Zafar | Assistant Professor | FUUAST, Karachi | 24th (19-Jun-17) |
| 123 | Muhammad Sarim | Assistant Professor | FUUAST, Karachi | 23rd (26-Dec-16) |
| 124 | Pardeep Kumar | Associate Professor | Quaid-e-Awam UET, Nawabshah | 23rd (26-Dec-16) |
| 125 | Tariq Mahmood | Assistant Professor | IBA, Karachi | 23rd (26-Dec-16) |
| 126 | Imran Rauf | Assistant Professor | IBA, Karachi | 22nd (30-Jun-16) |
| 127 | Usman Ghani | Associate Professor | UET, Lahore | 22nd (30-Jun-16) |
| 128 | Abdul Qadir | Professor | MAJU, Islamabad | 21st (22-Dec-15) |
| 129 | Ali Hassan | Assistant Professor | NUST, Islamabad | 21st (22-Dec-15) |
| 130 | Anis-ur-Rahman | Assistant Professor | NUST, Islamabad | 21st (22-Dec-15) |
| 131 | Furqan Aziz | Assistant Professor | IM-Sciences, Peshawar | 21st (22-Dec-15) |
| 132 | Imtiaz Ahmad | Professor | MAJU, Islamabad | 21st (22-Dec-15) |
| 133 | Nisar Ahmed | Professor | Quaid-e-Awam University of Engineering, Science and Technology, Nawabshah | 21st (22-Dec-15) |
| 134 | Shafay Shamail | Associate Professor | LUMS, Lahore | 21st (22-Dec-15) |
| 135 | Usman Akram | Assistant Professor | NUST, Islamabad | 21st (22-Dec-15) |
| 136 | Rabeeh Ayaz Abbasi | Assistant Professor | QAU, Islamabad | 20th (05-Jun-15) |
| 137 | Sajjad Mohsin | Professor | CIIT, Islamabad | 20th (05-Jun-15) |
| 138 | Shehzad Khalid | Associate Professor | Bahria University, Islamabad | 20th (05-Jun-15) |
| 139 | Shoab Ahmed Khan | Professor | NUST, Islamabad | 17th (05-Dec-13) |
| 140 | Arif Zaman | Assistant Professor | LUMS, Lahore | 16th (18-May-13) |
| 141 | Basit Shafiq | Assistant Professor | LUMS, Lahore | 16th (18-May-13) |
| 142 | Imran Farid | Assistant Professor | PUCIT, Lahore | 16th (18-May-13) |
| 143 | Mehvish Irfan | Assistant Professor | PUCIT, Lahore | 16th (18-May-13) |
| 144 | Aftab Ahmed | Professor | Foundation University, Islamabad | 14th (07-Jul-12) |
| 145 | Akram Shaikh M | Professor | Mehran University, Jamshoro | 14th (07-Jul-12) |
| 146 | Asif Masood | Associate Professor | NUST, Islamabad | 14th (07-Jul-12) |
| 147 | Ghulam Ali | Professor | Shah Abdul Latif University, Khairpur | 14th (07-Jul-12) |
| 148 | Imran Usman | Assistant Professor | CIIT, Islamabad | 14th (07-Jul-12) |
| 149 | Mukhtar A. Unar | Professor | Mehran University, Jamshoro | 14th (07-Jul-12) |
| 150 | Shahid Hafeez Mirza | Professor | UIT, Karachi | 14th (07-Jul-12) |
| 151 | Hamid Abdul Basit | Assistant Professor | LUMS, Lahore | 13th (21-Dec-11) |
| 152 | Iftikhar Azam | Assistant Professor | RIU, Islamabad | 13th (21-Dec-11) |
| 153 | Mubashar Mushtaq | Assistant Professor | QAU, Islamabad | 13th (21-Dec-11) |
| 154 | Nasir Touheed | Professor | IBA, Karachi | 13th (21-Dec-11) |
| 155 | Naveed Ikram | Associate Professor | IIU, Islamabad | 13th (21-Dec-11) |
| 156 | Sajjad Haider | Professor | IBA, Karachi | 13th (21-Dec-11) |
| 157 | Aamer Nadeem | Associate Professor | MAJU, Islamabad | 11th (04-Dec-10) |
| 158 | Abdul Majid | Associate Professor | PIAES, Islamabad | 11th (04-Dec-10) |
| 159 | Arif M | Professor | Air University, Islamabad | 11th (04-Dec-10) |
| 160 | Asif Gilani | Assistant Professor | GIKI, Topi, NWFP | 11th (04-Dec-10) |
| 161 | Asifullah Khan | Associate Professor | PIEAS, Islamabad | 11th (04-Dec-10) |
| 162 | Asmatullah Chaudhry | Principal Scientific Officer | 11th (04-Dec-10) |
| 163 | Jamil Ahmed | Professor | Iqra University, Islamabad | 11th (04-Dec-10) |
| 164 | Onaiza Maqbool | Assistant Professor | QAU, Islamabad | 11th (04-Dec-10) |
| 165 | Shaukat Iqbal | Principal Scientist | PINSTECH, Islamabad | 11th (04-Dec-10) |
| 166 | Sher M | Professor | IIU, Islamabad | 11th (04-Dec-10) |
| 167 | Sikander Hayat | Professor | FJWU, Rawalpindi | 11th (04-Dec-10) |
| 168 | Afaq Hussain | Professor | Air University, Islamabad | 10th (24-Apr-10) |
| 169 | Afzal Bhatti | HOD (CS) | QAU, Islamabad | 10th (24-Apr-10) |
| 170 | Ijaz Mansoor Qureshi | Professor | Air University, Islamabad | 10th (24-Apr-10) |
| 171 | Mehboob Yasin | Professor | COMSATS, Islamabad | 10th (24-Apr-10) |
| 172 | Sajid Qamar | Associate Professor | COMSATS, Islamabad | 10th (24-Apr-10) |

#### Electrical Engineering

| Sr. # | Name | Designation | University | BASR Meeting |
| --- | --- | --- | --- | --- |
| 1 | Ashir Waleed | Associate Professor | University of Engineering and Technology, (UET) Faisalabad Campus | 55th (17-Jun-25) |
| 2 | Umer Ijaz | Assistant Professor | Government College University (GCU), Faisalabad | 55th (17-Jun-25) |
| 3 | Abdul Rauf Bhatti | Professor | Government College University (GCU), Faisalabad | 55th (17-Jun-25) |
| 4 | Nadia Nawaz Qadri | Professor | Comsats University (Islamabad) | 53rd (23-Jan-25) |
| 5 | Syed Ali Hassan | Professor | National University of Sciences and Technology (NUST), Islamabad | 53rd (23-Jan-25) |
| 6 | Osman Hasan | Professor | National University of Sciences and Technology (NUST) Islamabad | 52nd (26-Sep-24) |
| 7 | Shibli Nisar | Associate Professor | Military College of Signals (MCS), National University of Sciences and Technology (NUST), Islamabad | 52nd (26-Sep-24) |
| 8 | Ejaz A. Ansari | Associate Professor | Comsats University Islamabad, | 51st (28-Jun-24) |
| 9 | Muhammad Kamran | Professor | Muhammad Nawaz Sharif University of Engineering & Technology, Multan | 51st (28-Jun-24) |
| 10 | Muhammad Sarwar Ehsan | Associate Professor | University of Central Punjab (UCP) Lahore | 51st (28-Jun-24) |
| 11 | Adil Masood Siddiqui | Professor | Military College of Signals (MCS), National University of Sciences and Technology (NUST), Islamabad | 51st (28-Jun-24) |
| 12 | Mohsin Kamal | Associate Professor | National University of Sciences and Technology (NUST) Islamabad | 51st (28-Jun-24) |
| 13 | Mian Ahmad Jan | Associate Professor | Abdul Wali Khan University Mardan | 47th (09-Jun-23) |
| 14 | Fiaz Ahmad | Associate Professor | Air University | 41st (24-Dec-21) |
| 15 | Awais Munawar Qureshi | Associate Professor | NUST, Islamabad | 41st (24-Dec-21) |
| 16 | Fiaz Ahmad | Associate Professor | Air University | 41st (24-Dec-21) |
| 17 | Farmanullah | Professor | Comsats, Attock | 40th (24-Sep-21) |
| 18 | Safdar Marwat | Assistant Professor | UET, Peshawar | 40th (24-Sep-21) |
| 19 | Khurram Hashmi | Professor | UET, Lahore | 39th (25-Jun-21) |
| 20 | Salman Ahmed | Assistant Professor | UET, Peshawar | 36th (09-Oct-20) |
| 21 | Zahid Ullah | Assistant Professor | PAK-AIST | 36th (09-Oct-20) |
| 22 | Muhammad Uzair | Assistant Professor | COMSATS University, Wah | 28th (04-Jul-18) |
| 23 | Asif Khan | Assistant Professor | GIKI, Swabi | 26th (01-Jan-18) |
| 24 | Sajid Anwar | Assistant Professor | GIKI, Swabi | 26th (01-Jan-18) |
| 25 | Ijaz Naqvi | Assistant Professor | LUMS, Lahore | 21st (22-Dec-15) |
| 26 | Waqar Mahmood | Professor | UET, Lahore | 21st (22-Dec-15) |

#### Management Sciences

| Sr. # | Name | Designation | University | BASR Meeting |
| --- | --- | --- | --- | --- |
| 1 | Muhammad Khalid Sohail | Professor | Bahria University, Islamabad | 54th (21-Mar-25) |
| 2 | Abdul Qayyum | Professor | NUST, Islamabad | 54th (21-Mar-25) |
| 3 | Hasan Hanif | Assistant Professor | Air University, Islamabad | 53rd (02-Jan-25) |
| 4 | Mohsin Raza Khan | Assistant Professor | Bahria University, Islamabad | 53rd (02-Jan-25) |
| 5 | Qaiser Ali Malik | Professor | Foundation University, Islamabad | 53rd (02-Jan-25) |
| 6 | Tasneem Fatima | Associate Professor | International Islamic University, Islamabad | 53rd (02-Jan-25) |
| 7 | Waqas Bin Khidmat | Assistant Professor | Air University, Islamabad (Kamra) | 53rd (02-Jan-25) |
| 8 | Khurram Shahzad | Professor | Riphah International University, Islamabad | 51st (28-Jun-24) |
| 9 | Asfia Obaid | Professor | National University of Sciences and Technology, Islamabad | 51st (28-Jun-24) |
| 10 | Mohsin Raza Khan | Assistant Professor | Bahria University, Islamabad | 50th (19-Mar-24) |
| 11 | Khurram Shafi | Associate Professor | Comsats University, Wah Campus | 50th (19-Mar-24) |
| 12 | Arshad Ali Bhatti | Associate Professor | International Islamic University (IIU), Islamabad | 50th (19-Mar-24) |
| 13 | Bilal Latif | Assistant Professor | National Defence University, Islamabad | 48th (15-Sep-23) |
| 14 | Muhammad Sabeeh Iqbal | Assistant Professor | Hailey College of Commerce, Punjab University, Lahore | 48th (15-Sep-23) |
| 15 | Safia Nosheen | Assistant Professor | University of Management Sciences, Lahore | 48th (15-Sep-23) |
| 16 | Mumtaz M. Khan | Associate Professor | Imperial College of Business Studies, Lahore | 39th (25-Jun-21) |
| 17 | Ahmad Qammar | Assistant Professor | Comsats, Lhr | 37th (01-Jan-21) |
| 18 | Ishfaq Ahmed | Associate Professor | Punjab Univ | 37th (01-Jan-21) |
| 19 | M. Shakeel Aslam | Lecturer | Comsats, Lhr | 37th (01-Jan-21) |
| 20 | Sharjeel Saleem | Associate Professor | GCU, Fsd | 37th (01-Jan-21) |
| 21 | Syed Ahmed Ali | Assistant Professor | UMT | 37th (01-Jan-21) |
| 22 | Talat Islam | Assistant Professor | Punjab Univ. | 37th (01-Jan-21) |
| 23 | Umar Safdar | Assistant Professor | NCBAE, Lhr | 37th (01-Jan-21) |
| 24 | Zafar uz Zaman Anjum | Assistant Professor | Comsats, Lhr | 37th (01-Jan-21) |
| 25 | Zia Ullah | Professor | Lahore Leads Univ. | 37th (01-Jan-21) |
| 26 | Imran Shafique | Assistant Professor | Comsat, Lahore | 36th (09-Oct-20) |
| 27 | Azeem Ahmad | Director (Acad.) | Barani Inst., Sahiwal | 36th (09-Oct-20) |
| 28 | Rab Nawaz Lodhi | Associate Professor | UCP, Lahore | 36th (09-Oct-20) |
| 29 | Waris Ali | Associate Professor | Univ. of Sahiwal | 36th (09-Oct-20) |
| 30 | Bilal Afsar | Assistant Professor | Hazara University Mansehra | 33rd (04-Oct-19) |
| 31 | M. Ibrahim Abdullah | Assistant Professor | COMSATS, Lahore | 33rd (04-Oct-19) |
| 32 | Moeed Ahmad Sandhu | Assistant Professor | BZU, Multan. | 33rd (04-Oct-19) |
| 33 | Shahid Qureshi | Associate Professor | IBA Karachi | 33rd (04-Oct-19) |
| 34 | Ussama Yaqub | Assistant Professor | LUMS | 33rd (04-Oct-19) |
| 35 | Farzand Ali Jan | Assistant Professor | COMSATS, Attock Campus | 27th (04-Jul-18) |
| 36 | Qadar Bakhsh | Director | Abdul Wali Khan University, Mardan | 27th (04-Jul-18) |
| 37 | Qaisar Abbas | Director | COMSATS, Lahore | 27th (04-Jul-18) |
| 38 | Ameer A. Basit | Assistant Professor | ITU, Lahore | 26th (01-Jan-18) |
| 39 | M Umer Azeem | Assistant Professor | UMT, Lahore | 26th (01-Jan-18) |
| 40 | Mohsin Bashir | Assistant Professor | LUMS, Lahore | 26th (01-Jan-18) |
| 41 | Shehrayar Shahid | Assistant Professor | LUMS, Lahore | 26th (01-Jan-18) |

#### Mathematics

| Sr. # | Name | Designation | University | BASR Meeting |
| --- | --- | --- | --- | --- |
| 1 | Imran Siddique | Professor | University of Sargodha, Sargodha | 50th (19-Mar-24) |
| 2 | Muhammad Zeb | Associate Professor | Comsats University Islamabad | 50th (19-Mar-24) |
| 3 | Muhammad Rafiq | Professor | University of Central Punjab (UCP) Lahore | 50th (19-Mar-24) |
| 4 | Agha Kashif | Associate Professor | UMT, Lahore | 41st (24-Dec-21) |
| 5 | Muhammad Riaz | Assistant Professor | PU, Lahore | 41st (24-Dec-21) |
| 6 | M. Umar Saleem | Associate Professor | UE, Lahore | 41st (24-Dec-21) |
| 7 | Zohaib Zahid | Associate Professor | UMT, Lahore | 41st (24-Dec-21) |
| 8 | Amjad Ali | Professor | UET, Peshawar | 40th (24-Sep-21) |
| 9 | M. Ayaz | Associate Professor | AWKU, Mardan | 40th (24-Sep-21) |
| 10 | M. Zubair | Assistant Professor | Comsats, Lahore | 40th (24-Sep-21) |
| 11 | Murtaza Ali | Assistant Professor | UET, Mardan | 40th (24-Sep-21) |
| 12 | Aziz Ullah | Assistant Professor | Punjab University, Lahore | 38th (26-Mar-21) |
| 13 | M. Akram | Professor | Punjab University, Lahore | 38th (26-Mar-21) |
| 14 | M. Awais | Assistant Professor | Comsats, Attock | 38th (26-Mar-21) |
| 15 | M. Hussain | Associate Professor | Comsats, Lahore | 38th (26-Mar-21) |
| 16 | M. Nawaz | Associate Professor | IST, Islamabad | 38th (26-Mar-21) |
| 17 | Noreen Sher Akbar | Associate Professor | NUST, Islamabad | 38th (26-Mar-21) |
| 18 | Rashid Mehmood | Assistant Professor | HITEC University, Taxila Cantt | 38th (26-Mar-21) |
| 19 | S. Ahtsham ul Haq Bokhary | Associate Professor | BZU, Multan | 38th (26-Mar-21) |
| 20 | Zaffar Iqbal | Assistant Professor | University of Gujrat | 38th (26-Mar-21) |
| 21 | Abdul Jawad | Assistant Professor | Comsats, Abbottabad | 36th (09-Oct-20) |
| 22 | Adil Jhangeer | Associate Professor | Namal, Mianwali | 36th (09-Oct-20) |
| 23 | Basit Ali | Associate Professor | UMT, Lahore | 36th (09-Oct-20) |
| 24 | Ghulam Murtaza | Assistant Professor | UMT, Lahore | 36th (09-Oct-20) |
| 25 | Imran Anwar | Associate Professor | GCU, Lahore | 36th (09-Oct-20) |
| 26 | Kashif Ali | Associate Professor | Comsats, Lahore | 36th (09-Oct-20) |
| 27 | M. Abbas | Associate Professor | Univ. of Sargodha | 36th (09-Oct-20) |
| 28 | Sadia Khalid | Assistant Professor | Comsats, Lahore | 36th (09-Oct-20) |
| 29 | Shamaila Rani | Assistant Professor | Comsats, Lahore | 36th (09-Oct-20) |
| 30 | Ibrar Hussain | Associate Professor | NUST, Islamabad | 33rd (04-Oct-19) |
| 31 | M. Azam | Associate Professor | University of Education, Multan Campus | 33rd (04-Oct-19) |
| 32 | Akbar Zada | Assistant Professor | University of Peshawar | 28th (04-Jul-18) |
| 33 | Aziz Ur Rehman | Associate Professor | UMT, Lahore | 27th (04-Jul-18) |
| 34 | Ishtiaq Ali | Associate Professor | COMSATS University., Islamabad | 28th (04-Jul-18) |
| 35 | Sumaira Sharif | Assistant Professor | Univ. of Central Punjab, Lahore | 27th (04-Jul-18) |
| 36 | Imran Ahmed | Assistant Professor | COMSATS, Lahore | 26th (01-Jan-18) |
| 37 | Tabasam Rashid | Assistant Professor | UMT, Lahore Campus | 26th (01-Jan-18) |
| 38 | Zulfiqar Ali | Assistant Professor | Riphah International University, Faisalabad Campus | 26th (01-Jan-18) |
| 39 | Abdul Rehman Kashif | Associate Professor | CUST, Islamabad | 25th (03-Dec-17) |
| 40 | Ghulam Abbas | Assistant Professor | The Islamia University of Bahawalpur, Bahawalpur. | 25th (03-Dec-17) |
| 41 | Gohar Ali | Assistant Professor | The Islamia College University, Peshawar | 25th (03-Dec-17) |
| 42 | M. Sharif | Professor | PU, Lahore. | 25th (03-Dec-17) |
| 43 | Muhammad Ayub | Assistant Professor | CIIT, Abbottabad | 25th (03-Dec-17) |
| 44 | Zahid Ahmad | Associate Professor | CIIT, Abbottabad | 25th (03-Dec-17) |
| 45 | Tallat Nazir | Assistant Professor | COMSATS, Abbottabad | 24th (19-Jun-17) |
| 46 | Ismat Beg | Professor | LSE, Lahore | 23rd (26-Dec-16) |
| 47 | Talat Nazir | Assistant Professor | COMSATS, Abbottabad | 23rd (26-Dec-16) |
| 48 | Sardar Mohib Ali | Assistant Professor | CIIT, Islamabad | 22nd (30-Jun-16) |
| 49 | Shaheen Nazir | Assistant Professor | LUMS, Lahore | 22nd (30-Jun-16) |
| 50 | Tayyab Kamran | Associate Professor | QAU, Islamabad | 22nd (30-Jun-16) |
| 51 | Aslam Malik | Associate Professor | PU, Lahore | 21st (22-Dec-15) |
| 52 | Ghulam Qnber | Advisor | Virtual University | 21st (22-Dec-15) |
| 53 | Imran Javaid | Assistant Professor | BZU, Multan | 21st (22-Dec-15) |
| 54 | Muhammad Aslam | Professor | GC University, Lahore | 21st (22-Dec-15) |
| 55 | Qaiser Mushtaq | Vice Chancellor | Islamia University, Bahawalpur | 21st (22-Dec-15) |
| 56 | Sarfraz Ahmad | Associate Professor | CIIT, Lahore | 21st (22-Dec-15) |
| 57 | Sohail Zafar | Assistant Professor | UMT, Lahore | 21st (22-Dec-15) |
| 58 | Sultan Sial | Associate Professor | LUMS, Lahore | 21st (22-Dec-15) |
| 59 | Syed Inayat | Professor | Islamia College Univ., Peshawar | 21st (22-Dec-15) |
| 60 | A. D. Raza Choudary | Professor | GC University, Lahore | 20th (05-Jun-15) |
| 61 | Akbar Azam | Professor | COMSATS, Islamabad | 20th (05-Jun-15) |
| 62 | Fazal-i-Haq | Professor | The University of Agriculture, Peshawar | 20th (05-Jun-15) |
| 63 | Ghulam Mustafa | Associate Professor | The Islamia University of Bahawalpur | 20th (05-Jun-15) |
| 64 | Ghulam Shabbir | Professor | GIKI, Topi | 20th (05-Jun-15) |
| 65 | M. Jamil Amir | Assistant Professor | University of Sargodha, Sargodha | 20th (05-Jun-15) |
| 66 | M. Shabir | Professor | QAU, Islamabad | 20th (05-Jun-15) |
| 67 | M. Shoaib Siddiqui | Assistant Professor | DHA Suffa University, Karachi | 20th (05-Jun-15) |
| 68 | Masood Khan | Associate Professor | QAU, Islamabad | 20th (05-Jun-15) |
| 69 | Nusrat Yasmin | Associate Professor | BZU, Multan | 20th (05-Jun-15) |
| 70 | Raheel Hassan | Assistant Professor | Quaid-e-Awam University of Engineering, Sciences & Technology, Nawabshah | 20th (05-Jun-15) |
| 71 | Sajid Ali | Assistant Professor | NUST, Islamabad | 20th (05-Jun-15) |
| 72 | Samina Mazhar Ashraf | Assistant Professor | CIIT, Lahore | 20th (05-Jun-15) |
| 73 | Siraj-ul-Islam | Professor | UET, Peshawar | 20th (05-Jun-15) |
| 74 | Tahira Nasreen Buttar | Professor | Lahore College for Women University, Lahore | 20th (05-Jun-15) |
| 75 | M. Iqbal Bhatti | Professor | UET, Lahore | 18th (17-Jun-14) |
| 76 | Muhammad Imran | Assistant Professor | NUST, Islamabad | 18th (17-Jun-14) |
| 77 | Mudassar Naza | Assistant Professor | BZU, Multan | 14th (07-Jul-12) |
| 78 | Ozair Ahmad | Professor | UET, Lahore | 14th (07-Jul-12) |
| 79 | Shahid Siddiqui | Professor | PU, Lahore | 14th (07-Jul-12) |
| 80 | Faqir Bhatti | Associate Professor | LUMS, Lahore | 11th (04-Dec-10) |
| 81 | Hussain M | Assistant Professor | CIIT, Lahore | 11th (04-Dec-10) |
| 82 | Kashif Ali | Assistant Professor | CIIT, Lahore | 11th (04-Dec-10) |

#### Summary of Approved Local Reviewers of the University

| Description | # of approved reviewers |
| --- | --- |
| 1 |
| **Total** | **1** |

| Sr. # | Name | Designation | University | BASR Meeting |
| --- | --- | --- | --- | --- |
| 1 | Cordula Barzantny | (01-Jan-01) |

Contact

- [Contact:](#)
- [111-128-128](tel:111128128)


- [Location:](#)

- FAST-House

  Rohtas Road, G-9/4

  Islamabad - 44000

USEFUL LINKS

- [Programs](/Degree-Programs)
- [PEEF](http://www.peef.org.pk)
- [NU Mail](http://mail.nu.edu.pk)
- [Careers](/jobs)
- [OSAF](http://www.osaf.org.pk/)

- [Degree Verification](/verification)
- [SLATE-LMS](http://www.slate.nu.edu.pk/portal)
- [ORIC](/ORIC)
- [QEC](/QEC)
- [Contact Us](/Home/ContactUs)
- [FAST-NU Library](https://nu.insigniails.com/Library/Home)

Campuses

- [Chiniot-Faisalabad Campus](http://cfd.nu.edu.pk)
- [Islamabad Campus](http://isb.nu.edu.pk)
- [Karachi Campus](http://khi.nu.edu.pk)
- [Lahore Campus](http://lhr.nu.edu.pk)
- [Multan Campus](https://nu.edu.pk/MultanCampus/Index)
- [Peshawar Campus](http://pwr.nu.edu.pk)

Copyright © 2025 , NUCES. All Rights Reserved.
